"GP-No";"Name";"Time";"Timegap";"X";"Y";"X-offset";"Y-offset";"Pupil Diameter Left (mm)";"Pupil Diameter Right (mm)";"Mouse X-coord";"Mouse Y-coord";"AoI"
"1";"P 7";"0";"0";"1293";"2109";"0";"0";"3.88";"3.97";"2026";"998";"100%"
"2";"P 7";"27";"27";"1114";"1247";"0";"0";"0";"3.88";"2623";"1303";"100%"
"3";"P 7";"54";"27";"1747";"759";"0";"0";"3.83";"3.91";"2623";"1303";"100%,50%"
"4";"P 7";"81";"27";"2231";"1598";"0";"0";"3.8";"0";"2623";"1303";"100%"
"5";"P 7";"94";"13";"2311";"1194";"0";"0";"3.71";"3.91";"2623";"1303";"100%,50%"
"6";"P 7";"121";"27";"2165";"1409";"0";"0";"3.72";"3.98";"2623";"1303";"100%,50%"
"7";"P 7";"148";"27";"2155";"2019";"0";"0";"3.83";"3.91";"2623";"1303";"100%"
"8";"P 7";"175";"27";"2129";"981";"0";"0";"3.72";"3.93";"2623";"1303";"100%,50%"
"9";"P 7";"189";"13";"2112";"1465";"0";"0";"3.72";"3.83";"2623";"1303";"100%,50%"
"10";"P 7";"202";"13";"1989";"995";"0";"0";"0";"3.86";"2623";"1303";"100%,50%"
"11";"P 7";"256";"54";"2165";"1164";"0";"0";"3.79";"3.96";"2623";"1303";"100%,50%"
"12";"P 7";"270";"13";"2149";"1770";"0";"0";"3.82";"0";"2623";"1303";"100%"
"13";"P 7";"310";"40";"2029";"1671";"0";"0";"3.75";"3.97";"2623";"1303";"100%,50%"
"14";"P 7";"337";"27";"2099";"1717";"0";"0";"3.78";"0";"2623";"1303";"100%,50%"
"15";"P 7";"351";"13";"1844";"902";"0";"0";"0";"3.88";"2623";"1303";"100%,50%"
"16";"P 7";"378";"27";"1800";"1147";"0";"0";"0";"3.86";"2623";"1303";"10%,100%,25%,50%"
"17";"P 7";"405";"26";"2102";"915";"0";"0";"3.8";"0";"2623";"1303";"100%,50%"
"18";"P 7";"432";"26";"2086";"1399";"0";"0";"3.83";"3.93";"2623";"1303";"100%,50%"
"19";"P 7";"445";"13";"2119";"1833";"0";"0";"3.78";"0";"2623";"1303";"100%"
"20";"P 7";"459";"13";"2142";"1207";"0";"0";"3.82";"0";"2623";"1303";"100%,50%"
"21";"P 7";"486";"27";"2086";"842";"0";"0";"3.82";"3.96";"2623";"1303";"100%,50%"
"22";"P 7";"513";"27";"1694";"1061";"0";"0";"3.87";"0";"2623";"1303";"100%,25%,50%"
"23";"P 7";"527";"13";"1572";"796";"0";"0";"0";"3.98";"2623";"1303";"100%,50%"
"24";"P 7";"554";"27";"1542";"1031";"0";"0";"0";"4.09";"2623";"1303";"100%,25%,50%"
"25";"P 7";"567";"13";"1790";"2056";"0";"0";"4.08";"4.02";"2623";"1303";"100%"
"26";"P 7";"581";"13";"1598";"66";"0";"0";"0";"4.09";"2623";"1303";"100%"
"27";"P 7";"608";"26";"1764";"1091";"0";"0";"3.86";"0";"2623";"1303";"100%,25%,50%"
"28";"P 7";"743";"135";"1631";"899";"0";"0";"4.09";"4.17";"2623";"1303";"100%,50%"
"29";"P 7";"784";"40";"1578";"245";"0";"0";"-1";"0";"2623";"1303";"100%"
"30";"P 7";"824";"40";"1598";"225";"0";"0";"-1";"4.08";"2623";"1303";"100%"
"31";"P 7";"851";"27";"1601";"298";"0";"0";"0";"4.19";"2623";"1303";"100%"
"32";"P 7";"865";"13";"1674";"1780";"0";"0";"4";"0";"2623";"1303";"100%,50%"
"33";"P 7";"878";"13";"1764";"1777";"0";"0";"3.95";"4.08";"2623";"1303";"100%,50%"
"34";"P 7";"906";"27";"1817";"806";"0";"0";"3.81";"0";"2623";"1303";"100%,50%"
"35";"P 7";"919";"13";"1920";"1668";"0";"0";"3.9";"0";"2623";"1303";"100%,50%"
"36";"P 7";"946";"27";"1509";"1406";"0";"0";"0";"3.77";"2623";"1303";"100%,25%,50%"
"37";"P 7";"973";"26";"2046";"1910";"0";"0";"3.52";"0";"2623";"1303";"100%"
"38";"P 7";"987";"13";"1827";"1548";"0";"0";"3.46";"0";"2623";"1303";"100%,50%"
"39";"P 7";"1244";"257";"2112";"1339";"0";"0";"2.87";"0";"2623";"1303";"100%,50%"
"40";"P 7";"1271";"26";"1916";"1389";"0";"0";"2.96";"0";"2623";"1303";"100%,25%,50%"
"41";"P 7";"1297";"26";"1916";"1913";"0";"0";"2.94";"0";"2623";"1303";"100%"
"42";"P 7";"1325";"27";"1926";"1442";"0";"0";"2.89";"0";"2623";"1303";"100%,25%,50%"
"43";"P 7";"1379";"53";"2016";"1290";"0";"0";"2.86";"0";"2623";"1303";"100%,25%,50%"
"44";"P 7";"1433";"54";"2096";"1406";"0";"0";"2.8";"0";"2623";"1303";"100%,50%"
"45";"P 7";"1500";"67";"2029";"1300";"0";"0";"2.73";"0";"2623";"1303";"100%,25%,50%"
"46";"P 7";"1527";"27";"2006";"1936";"0";"0";"2.82";"0";"2623";"1303";"100%"
"47";"P 7";"1555";"27";"1979";"1562";"0";"0";"2.83";"0";"2623";"1303";"100%,50%"
"48";"P 7";"1581";"26";"2139";"1237";"0";"0";"2.83";"0";"2623";"1303";"100%,50%"
"49";"P 7";"1636";"54";"2056";"1532";"0";"0";"2.74";"0";"2623";"1303";"100%,50%"
"50";"P 7";"1690";"54";"2059";"1681";"0";"0";"2.8";"0";"2623";"1303";"100%,50%"
"51";"P 7";"1730";"40";"2026";"1664";"0";"0";"2.77";"0";"2623";"1303";"100%,50%"
"52";"P 7";"1757";"27";"1999";"1243";"0";"0";"2.8";"0";"2623";"1303";"100%,25%,50%"
"53";"P 7";"1784";"26";"2052";"978";"0";"0";"2.79";"0";"2623";"1303";"100%,50%"
"54";"P 7";"1852";"67";"2076";"1270";"0";"0";"2.79";"0";"2623";"1303";"100%,50%"
"55";"P 7";"1879";"27";"2049";"1724";"0";"0";"2.82";"0";"2623";"1303";"100%,50%"
"56";"P 7";"1906";"27";"2003";"1797";"0";"0";"2.82";"0";"2623";"1303";"100%"
"57";"P 7";"1947";"40";"1966";"1558";"0";"0";"2.75";"0";"2623";"1303";"100%,50%"
"58";"P 7";"1987";"40";"2029";"1399";"0";"0";"2.76";"0";"2623";"1303";"100%,50%"
"59";"P 7";"2014";"27";"1930";"1648";"0";"0";"2.77";"0";"2623";"1303";"100%,50%"
"60";"P 7";"2095";"81";"1989";"1339";"0";"0";"2.77";"0";"2623";"1303";"100%,25%,50%"
"61";"P 7";"2149";"53";"2069";"1270";"0";"0";"2.73";"0";"2623";"1303";"100%,50%"
"62";"P 7";"2257";"108";"1986";"1578";"0";"0";"2.81";"0";"2623";"1303";"100%,50%"
"63";"P 7";"2284";"26";"2132";"1465";"0";"0";"2.75";"0";"2623";"1303";"100%,50%"
"64";"P 7";"2312";"27";"1953";"1558";"0";"0";"2.76";"0";"2623";"1303";"100%,50%"
"65";"P 7";"2338";"26";"1986";"1744";"0";"0";"2.79";"0";"2623";"1303";"100%,50%"
"66";"P 7";"2352";"13";"2042";"1469";"0";"0";"2.84";"0";"2623";"1303";"100%,50%"
"67";"P 7";"2379";"27";"1880";"1217";"0";"0";"2.84";"0";"2623";"1303";"100%,25%,50%"
"68";"P 7";"2406";"27";"2039";"1452";"0";"0";"2.81";"0";"2623";"1303";"100%,50%"
"69";"P 7";"2447";"40";"2105";"1731";"0";"0";"2.87";"0";"2623";"1303";"100%"
"70";"P 7";"2514";"67";"2003";"1635";"0";"0";"2.88";"0";"2623";"1303";"100%,50%"
"71";"P 7";"2541";"26";"1979";"1618";"0";"0";"2.96";"0";"2623";"1303";"100%,50%"
"72";"P 7";"2568";"27";"2056";"1552";"0";"0";"3";"0";"2623";"1303";"100%,50%"
"73";"P 7";"2623";"54";"2006";"1658";"0";"0";"3.05";"0";"2623";"1303";"100%,50%"
"74";"P 7";"2649";"26";"1893";"1190";"0";"0";"3.18";"0";"2623";"1303";"100%,25%,50%"
"75";"P 7";"2690";"40";"1943";"1870";"0";"0";"3.08";"0";"2623";"1303";"100%"
"76";"P 7";"2730";"40";"1897";"1525";"0";"0";"3.14";"0";"2623";"1303";"100%,50%"
"77";"P 7";"2785";"54";"2096";"1780";"0";"0";"3.2";"0";"2623";"1303";"100%"
"78";"P 7";"2893";"107";"1764";"1751";"0";"0";"3.06";"0";"2623";"1303";"100%,50%"
"79";"P 7";"2987";"94";"2076";"1734";"0";"0";"3.21";"0";"2623";"1303";"100%,50%"
"80";"P 7";"3134";"146";"1920";"1913";"0";"0";"3.15";"0";"2623";"1303";"100%"
"81";"P 7";"3161";"26";"2056";"1542";"0";"0";"3.13";"0";"2623";"1303";"100%,50%"
"82";"P 7";"3188";"27";"1847";"1684";"0";"0";"3.08";"0";"2623";"1303";"100%,50%"
"83";"P 7";"3215";"26";"2059";"1880";"0";"0";"3.12";"0";"2623";"1303";"100%"
"84";"P 7";"3242";"27";"1996";"1462";"0";"0";"3.08";"0";"2623";"1303";"100%,50%"
"85";"P 7";"3269";"27";"2009";"1306";"0";"0";"3.07";"0";"2623";"1303";"100%,25%,50%"
"86";"P 7";"3323";"54";"1989";"1608";"0";"0";"3.16";"0";"2623";"1303";"100%,50%"
"87";"P 7";"3350";"26";"1900";"1442";"0";"0";"3.13";"0";"2623";"1303";"100%,25%,50%"
"88";"P 7";"3472";"122";"1893";"1638";"0";"0";"3.22";"0";"2623";"1303";"100%,50%"
"89";"P 7";"3539";"67";"1870";"2049";"0";"0";"3.32";"0";"2623";"1303";"100%"
"90";"P 7";"3566";"27";"1850";"1585";"0";"0";"3.21";"0";"2623";"1303";"100%,50%"
"91";"P 7";"3620";"54";"1926";"1824";"0";"0";"3.38";"0";"2623";"1303";"100%"
"92";"P 7";"3661";"40";"1946";"1227";"0";"0";"3.3";"0";"2623";"1303";"100%,25%,50%"
"93";"P 7";"3715";"54";"1814";"1678";"0";"0";"3.35";"0";"2623";"1303";"100%,50%"
"94";"P 7";"3742";"26";"1920";"1615";"0";"0";"3.45";"0";"2623";"1303";"100%,50%"
"95";"P 7";"3823";"81";"1867";"1787";"0";"0";"3.37";"0";"2623";"1303";"100%,50%"
"96";"P 7";"3850";"27";"1916";"1780";"0";"0";"3.43";"0";"2623";"1303";"100%,50%"
"97";"P 7";"3877";"27";"1887";"1446";"0";"0";"3.31";"0";"2623";"1303";"100%,25%,50%"
"98";"P 7";"3904";"27";"1989";"1751";"0";"0";"3.48";"0";"2623";"1303";"100%,50%"
"99";"P 7";"3945";"40";"2079";"985";"0";"0";"3.42";"0";"2623";"1303";"100%,50%"
"100";"P 7";"3972";"27";"1897";"1810";"0";"0";"3.46";"0";"2623";"1303";"100%,50%"
"101";"P 7";"3999";"26";"1907";"1402";"0";"0";"3.44";"0";"2623";"1303";"100%,25%,50%"
"102";"P 7";"4026";"27";"1794";"1887";"0";"0";"3.4";"0";"2623";"1303";"100%"
"103";"P 7";"4053";"27";"1810";"1688";"0";"0";"3.39";"0";"2623";"1303";"100%,50%"
"104";"P 7";"4080";"26";"1916";"1810";"0";"0";"3.37";"0";"2623";"1303";"100%,50%"
"105";"P 7";"4161";"81";"1913";"1777";"0";"0";"3.45";"0";"2623";"1303";"100%,50%"
"106";"P 7";"4201";"40";"2016";"1744";"0";"0";"3.44";"0";"2623";"1303";"100%,50%"
"107";"P 7";"4228";"27";"1989";"1515";"0";"0";"3.4";"0";"2623";"1303";"100%,50%"
"108";"P 7";"4283";"54";"1867";"593";"0";"0";"3.29";"0";"2623";"1303";"100%"
"109";"P 7";"4310";"26";"2006";"1479";"0";"0";"3.33";"0";"2623";"1303";"100%,50%"
"110";"P 7";"4364";"54";"1890";"1900";"0";"0";"3.38";"0";"2623";"1303";"100%"
"111";"P 7";"4431";"67";"1870";"1830";"0";"0";"3.32";"0";"2623";"1303";"100%,50%"
"112";"P 7";"4458";"27";"1850";"1654";"0";"0";"3.37";"0";"2623";"1303";"100%,50%"
"113";"P 7";"4485";"26";"1936";"1936";"0";"0";"3.28";"0";"2623";"1303";"100%"
"114";"P 7";"4513";"27";"1893";"1963";"0";"0";"3.4";"0";"2623";"1303";"100%"
"115";"P 7";"4539";"26";"2039";"1250";"0";"0";"3.38";"0";"2623";"1303";"100%,25%,50%"
"116";"P 7";"4594";"54";"1999";"2324";"0";"0";"3.47";"0";"2623";"1303";"100%"
"117";"P 7";"4661";"67";"1920";"739";"0";"0";"-1";"0";"2623";"1303";"100%,50%"
"118";"P 7";"4702";"40";"1867";"1664";"0";"0";"3.48";"0";"2623";"1303";"100%,50%"
"119";"P 7";"4756";"54";"1897";"564";"0";"0";"-1";"0";"2623";"1303";"100%"
"120";"P 7";"4783";"26";"1844";"1810";"0";"0";"3.54";"0";"2623";"1303";"100%,50%"
"121";"P 7";"4878";"94";"1790";"1184";"0";"0";"3.53";"0";"2623";"1303";"10%,100%,25%,50%"
"122";"P 7";"4905";"26";"1708";"1565";"0";"0";"3.61";"0";"2623";"1303";"100%,50%"
"123";"P 7";"4932";"27";"1877";"1933";"0";"0";"3.67";"-1";"2623";"1303";"100%"
"124";"P 7";"5026";"94";"1830";"2178";"0";"0";"3.72";"0";"2623";"1303";"100%"
"125";"P 7";"5080";"53";"1794";"1843";"0";"0";"3.59";"0";"2623";"1303";"100%"
"126";"P 7";"5175";"94";"1840";"2135";"0";"0";"3.43";"0";"2623";"1303";"100%"
"127";"P 7";"5216";"40";"1900";"1618";"0";"0";"3.46";"0";"2623";"1303";"100%,50%"
"128";"P 7";"5256";"40";"1877";"2036";"0";"0";"3.43";"0";"2623";"1303";"100%"
"129";"P 7";"5296";"40";"1950";"1707";"0";"0";"3.41";"0";"2623";"1303";"100%,50%"
"130";"P 7";"5323";"27";"2019";"1979";"0";"0";"3.44";"0";"2623";"1303";"100%"
"131";"P 7";"5350";"27";"1903";"1953";"0";"0";"3.43";"0";"2623";"1303";"100%"
"132";"P 7";"5378";"27";"1900";"2049";"0";"0";"3.45";"0";"2623";"1303";"100%"
"133";"P 7";"5472";"94";"1960";"1920";"0";"0";"3.43";"0";"2623";"1303";"100%"
"134";"P 7";"5527";"54";"1890";"1774";"0";"0";"3.44";"0";"2623";"1303";"100%,50%"
"135";"P 7";"5567";"40";"1916";"1830";"0";"0";"3.52";"0";"2623";"1303";"100%"
"136";"P 7";"5607";"40";"1887";"1751";"0";"0";"3.6";"0";"2623";"1303";"100%,50%"
"137";"P 7";"5648";"40";"1837";"1843";"0";"0";"3.48";"-1";"2623";"1303";"100%"
"138";"P 7";"5675";"27";"1824";"1867";"0";"0";"3.53";"0";"2623";"1303";"100%"
"139";"P 7";"5689";"13";"1890";"1804";"0";"0";"3.49";"0";"2623";"1303";"100%,50%"
"140";"P 7";"5716";"27";"1910";"2076";"0";"0";"3.55";"0";"2623";"1303";"100%"
"141";"P 7";"5743";"26";"1817";"2089";"0";"0";"3.64";"0";"2623";"1303";"100%"
"142";"P 7";"5770";"27";"1824";"1847";"0";"0";"3.55";"0";"2623";"1303";"100%"
"143";"P 7";"5824";"54";"1817";"2026";"0";"0";"3.63";"0";"2623";"1303";"100%"
"144";"P 7";"5865";"40";"1873";"1724";"0";"0";"3.62";"0";"2623";"1303";"100%,50%"
"145";"P 7";"5905";"40";"1734";"192";"0";"0";"3.72";"0";"2623";"1303";"100%"
"146";"P 7";"5932";"26";"1853";"1986";"0";"0";"3.63";"0";"2623";"1303";"100%"
"147";"P 7";"5959";"27";"1737";"1671";"0";"0";"3.6";"-1";"2623";"1303";"100%,50%"
"148";"P 7";"5986";"27";"1777";"1890";"0";"0";"3.79";"0";"2623";"1303";"100%"
"149";"P 7";"6000";"13";"1761";"1492";"0";"0";"3.62";"0";"2623";"1303";"100%,25%,50%"
"150";"P 7";"6040";"40";"1688";"1920";"0";"0";"3.69";"0";"2623";"1303";"100%"
"151";"P 7";"6067";"27";"1754";"2062";"0";"0";"3.72";"0";"2623";"1303";"100%"
"152";"P 7";"6108";"40";"1678";"1936";"0";"0";"3.72";"0";"2623";"1303";"100%"
"153";"P 7";"6148";"40";"1790";"1940";"0";"0";"3.69";"0";"2623";"1303";"100%"
"154";"P 7";"6216";"67";"1860";"1887";"0";"0";"3.72";"0";"2623";"1303";"100%"
"155";"P 7";"6229";"13";"1800";"2099";"0";"0";"3.88";"0";"2623";"1303";"100%"
"156";"P 7";"6257";"27";"1704";"1761";"0";"0";"3.72";"0";"2623";"1303";"100%,50%"
"157";"P 7";"6378";"121";"1784";"2288";"0";"0";"3.77";"0";"2623";"1303";"100%"
"158";"P 7";"6419";"40";"1674";"2195";"0";"0";"3.69";"0";"2623";"1303";"100%"
"159";"P 7";"6459";"40";"1787";"245";"0";"0";"-1";"0";"2623";"1303";"100%"
"160";"P 7";"6486";"27";"1817";"2119";"0";"0";"3.7";"0";"2623";"1303";"100%"
"161";"P 7";"6540";"53";"1764";"2404";"0";"0";"3.67";"0";"2623";"1303";"100%"
"162";"P 7";"6568";"27";"1771";"53";"0";"0";"-1";"0";"2623";"1303";"100%"
"163";"P 7";"6784";"216";"1797";"1833";"0";"0";"3.72";"0";"2623";"1303";"100%,50%"
"164";"P 7";"6811";"26";"1810";"1940";"0";"0";"3.8";"0";"2623";"1303";"100%"
"165";"P 7";"6838";"27";"1814";"2046";"0";"0";"3.78";"0";"2623";"1303";"100%"
"166";"P 7";"6905";"67";"1701";"1993";"0";"0";"3.82";"0";"2623";"1303";"100%"
"167";"P 7";"6932";"26";"1734";"1873";"0";"0";"3.91";"0";"2623";"1303";"100%"
"168";"P 7";"6973";"40";"1810";"2016";"0";"0";"4.01";"0";"2623";"1303";"100%"
"169";"P 7";"7000";"27";"1681";"2059";"0";"0";"3.98";"-1";"2623";"1303";"100%"
"170";"P 7";"7027";"27";"1698";"1993";"0";"0";"3.93";"0";"2623";"1303";"100%"
"171";"P 7";"7040";"13";"1694";"1877";"0";"0";"3.97";"0";"2623";"1303";"100%"
"172";"P 7";"7068";"27";"1608";"1966";"0";"0";"3.93";"0";"2623";"1303";"100%"
"173";"P 7";"7095";"27";"1781";"1940";"0";"0";"4.01";"0";"2623";"1303";"100%"
"174";"P 7";"7135";"40";"1668";"2022";"0";"0";"4.08";"0";"2623";"1303";"100%"
"175";"P 7";"7176";"40";"1658";"1936";"0";"0";"4.02";"0";"2623";"1303";"100%"
"176";"P 7";"7217";"40";"1512";"1449";"0";"0";"4.08";"0";"2623";"1303";"100%,50%"
"177";"P 7";"7297";"80";"1615";"1847";"0";"0";"4.08";"0";"2623";"1303";"100%"
"178";"P 7";"7365";"67";"1618";"2231";"0";"0";"4.21";"0";"2623";"1303";"100%"
"179";"P 7";"7378";"13";"1648";"1956";"0";"0";"4.03";"0";"2623";"1303";"100%"
"180";"P 7";"7392";"13";"1668";"2062";"0";"0";"4.11";"-1";"2623";"1303";"100%"
"181";"P 7";"7406";"13";"1588";"2006";"0";"0";"4.1";"0";"2623";"1303";"100%"
"182";"P 7";"7419";"13";"1658";"2185";"0";"0";"4.16";"0";"2623";"1303";"100%"
"183";"P 7";"7432";"13";"1631";"1953";"0";"0";"4.07";"0";"2623";"1303";"100%"
"184";"P 7";"7460";"27";"1595";"1940";"0";"0";"4.07";"0";"2623";"1303";"100%"
"185";"P 7";"7473";"13";"1691";"2009";"0";"0";"4.07";"0";"2623";"1303";"100%"
"186";"P 7";"7487";"13";"1834";"2361";"0";"0";"4.22";"0";"2623";"1303";"100%"
"187";"P 7";"7500";"13";"1691";"1877";"0";"0";"4.05";"0";"2623";"1303";"100%"
"188";"P 7";"7541";"40";"1691";"2009";"0";"0";"3.98";"0";"2623";"1303";"100%"
"189";"P 7";"7582";"40";"1727";"2271";"0";"0";"4.08";"0";"2623";"1303";"100%"
"190";"P 7";"7608";"26";"1598";"1339";"0";"0";"4.02";"0";"2623";"1303";"100%,25%,50%"
"191";"P 7";"7649";"40";"1625";"2145";"0";"0";"4.1";"0";"2623";"1303";"100%"
"192";"P 7";"7676";"27";"1678";"2215";"0";"0";"4.1";"0";"2623";"1303";"100%"
"193";"P 7";"7730";"54";"1611";"2125";"0";"0";"4.09";"0";"2623";"1303";"100%"
"194";"P 7";"7757";"27";"1655";"1833";"0";"0";"4.07";"0";"2623";"1303";"100%,50%"
"195";"P 7";"7798";"40";"1678";"1953";"0";"0";"4.11";"0";"2623";"1303";"100%"
"196";"P 7";"7865";"67";"1671";"1830";"0";"0";"4.02";"0";"2623";"1303";"100%,50%"
"197";"P 7";"7892";"26";"1767";"1688";"0";"0";"3.98";"0";"2623";"1303";"100%,50%"
"198";"P 7";"7919";"27";"1651";"1969";"0";"0";"4";"0";"2623";"1303";"100%"
"199";"P 7";"7946";"27";"1718";"511";"0";"0";"-1";"0";"2623";"1303";"100%"
"200";"P 7";"7973";"26";"1708";"1979";"0";"0";"3.92";"0";"2623";"1303";"100%"
"201";"P 7";"8001";"27";"1698";"1628";"0";"0";"3.8";"0";"2623";"1303";"100%,50%"
"202";"P 7";"8109";"108";"1737";"1698";"0";"0";"3.73";"0";"2623";"1303";"100%,50%"
"203";"P 7";"8163";"53";"1926";"1257";"0";"0";"3.66";"0";"2623";"1303";"100%,25%,50%"
"204";"P 7";"8190";"27";"1820";"1074";"0";"0";"-1";"0";"2623";"1303";"100%,25%,50%"
"205";"P 7";"8217";"27";"1744";"1694";"0";"0";"3.61";"0";"2623";"1303";"100%,50%"
"206";"P 7";"8244";"26";"1774";"1893";"0";"0";"3.57";"0";"2623";"1303";"100%"
"207";"P 7";"8284";"40";"1900";"1717";"0";"0";"3.56";"0";"2623";"1303";"100%,50%"
"208";"P 7";"8366";"81";"1824";"1333";"0";"0";"3.52";"0";"2623";"1303";"10%,100%,25%,50%"
"209";"P 7";"8393";"27";"1847";"1515";"0";"0";"3.46";"0";"2623";"1303";"100%,25%,50%"
"210";"P 7";"8419";"26";"1936";"1585";"0";"0";"3.49";"0";"2623";"1303";"100%,50%"
"211";"P 7";"8433";"13";"1940";"1824";"0";"0";"3.51";"0";"2623";"1303";"100%"
"212";"P 7";"8501";"67";"1923";"1877";"0";"0";"3.62";"0";"2623";"1303";"100%"
"213";"P 7";"8541";"40";"1867";"1217";"0";"0";"3.35";"0";"2623";"1303";"10%,100%,25%,50%"
"214";"P 7";"8622";"81";"1860";"1180";"0";"0";"3.34";"0";"2623";"1303";"100%,25%,50%"
"215";"P 7";"8650";"27";"1913";"1406";"0";"0";"3.46";"0";"2623";"1303";"100%,25%,50%"
"216";"P 7";"8677";"27";"2089";"1422";"0";"0";"3.25";"0";"2623";"1303";"100%,50%"
"217";"P 7";"8690";"13";"1883";"1316";"0";"0";"3.28";"0";"2623";"1303";"100%,25%,50%"
"218";"P 7";"8717";"27";"1916";"1691";"0";"0";"3.27";"0";"2623";"1303";"100%,50%"
"219";"P 7";"8744";"26";"1986";"1641";"0";"0";"3.21";"0";"2623";"1303";"100%,50%"
"220";"P 7";"8784";"40";"2023";"1359";"0";"0";"3.3";"0";"2623";"1303";"100%,25%,50%"
"221";"P 7";"8866";"81";"2222";"1731";"0";"0";"3.28";"0";"2623";"1303";"100%"
"222";"P 7";"8893";"26";"1950";"1887";"0";"0";"3.34";"0";"2623";"1303";"100%"
"223";"P 7";"8920";"26";"971";"1436";"0";"0";"0";"2.95";"2623";"1303";"100%"
"224";"P 7";"8933";"13";"2026";"1475";"0";"0";"3.28";"0";"2623";"1303";"100%,50%"
"225";"P 7";"8947";"13";"1893";"1379";"0";"0";"3.19";"0";"2623";"1303";"100%,25%,50%"
"226";"P 7";"8974";"26";"1993";"1601";"0";"0";"3.19";"-1";"2623";"1303";"100%,50%"
"227";"P 7";"8988";"13";"1966";"1296";"0";"0";"3.16";"0";"2623";"1303";"100%,25%,50%"
"228";"P 7";"9001";"13";"1963";"1495";"0";"0";"3.14";"0";"2623";"1303";"100%,50%"
"229";"P 7";"9028";"27";"1979";"1462";"0";"0";"3.16";"0";"2623";"1303";"100%,50%"
"230";"P 7";"9042";"13";"1827";"1220";"0";"0";"3.14";"0";"2623";"1303";"10%,100%,25%,50%"
"231";"P 7";"9055";"13";"1857";"1290";"0";"0";"3.12";"0";"2623";"1303";"10%,100%,25%,50%"
"232";"P 7";"9068";"13";"1970";"1429";"0";"0";"3.08";"0";"2623";"1303";"100%,25%,50%"
"233";"P 7";"9136";"67";"2062";"1761";"0";"0";"3.14";"0";"2623";"1303";"100%"
"234";"P 7";"9150";"13";"2152";"1837";"0";"0";"3.12";"0";"2623";"1303";"100%"
"235";"P 7";"9177";"27";"2076";"1724";"0";"0";"3.12";"0";"2623";"1303";"100%,50%"
"236";"P 7";"9204";"26";"2042";"1353";"0";"0";"3.03";"0";"2623";"1303";"100%,50%"
"237";"P 7";"9244";"40";"1044";"1436";"0";"0";"0";"3.01";"2623";"1303";"100%"
"238";"P 7";"9258";"13";"1983";"1572";"0";"0";"3.01";"3.04";"2623";"1303";"100%,50%"
"239";"P 7";"9271";"13";"2092";"1704";"0";"0";"3.05";"0";"2623";"1303";"100%,50%"
"240";"P 7";"9285";"13";"2079";"1578";"0";"0";"3.02";"0";"2623";"1303";"100%,50%"
"241";"P 7";"9298";"13";"2062";"1330";"0";"0";"3.09";"0";"2623";"1303";"100%,50%"
"242";"P 7";"9312";"13";"2003";"1300";"0";"0";"3.03";"0";"2623";"1303";"100%,25%,50%"
"243";"P 7";"9339";"26";"1950";"1757";"0";"0";"3.04";"0";"2623";"1303";"100%,50%"
"244";"P 7";"9366";"27";"2033";"1519";"0";"0";"3.02";"2.95";"2623";"1303";"100%,50%"
"245";"P 7";"9393";"26";"1930";"1475";"0";"0";"2.99";"0";"2623";"1303";"100%,25%,50%"
"246";"P 7";"9407";"13";"1940";"1363";"0";"0";"3.05";"0";"2623";"1303";"100%,25%,50%"
"247";"P 7";"9447";"40";"2059";"1572";"0";"0";"2.95";"0";"2623";"1303";"100%,50%"
"248";"P 7";"9488";"40";"2052";"1651";"0";"0";"2.97";"3.02";"2623";"1303";"100%,50%"
"249";"P 7";"9501";"13";"1983";"1326";"0";"0";"2.91";"0";"2623";"1303";"100%,25%,50%"
"250";"P 7";"9528";"26";"2112";"1565";"0";"0";"2.94";"0";"2623";"1303";"100%,50%"
"251";"P 7";"9555";"27";"2039";"1383";"0";"0";"2.96";"3.06";"2623";"1303";"100%,50%"
"252";"P 7";"9582";"26";"2039";"1087";"0";"0";"2.91";"0";"2623";"1303";"100%,50%"
"253";"P 7";"9609";"27";"2109";"1356";"0";"0";"3";"0";"2623";"1303";"100%,50%"
"254";"P 7";"9636";"27";"2009";"10";"0";"0";"-1";"0";"2623";"1303";"-"
"255";"P 7";"9663";"26";"1993";"1386";"0";"0";"2.87";"0";"2623";"1303";"100%,25%,50%"
"256";"P 7";"9704";"40";"2042";"1562";"0";"0";"2.97";"0";"2623";"1303";"100%,50%"
"257";"P 7";"9839";"135";"2009";"1081";"0";"0";"2.91";"0";"2623";"1303";"100%,50%"
"258";"P 7";"9907";"67";"1996";"1608";"0";"0";"2.85";"0";"2623";"1303";"100%,50%"
"259";"P 7";"10015";"108";"2052";"1190";"0";"0";"2.94";"0";"2623";"1303";"100%,50%"
"260";"P 7";"10056";"40";"2112";"1774";"0";"0";"2.99";"0";"2623";"1303";"100%"
"261";"P 7";"10096";"40";"2026";"1200";"0";"0";"3.01";"0";"2623";"1303";"100%,25%,50%"
"262";"P 7";"10136";"40";"1976";"1293";"0";"0";"2.96";"0";"2623";"1303";"100%,25%,50%"
"263";"P 7";"10204";"67";"1907";"1721";"0";"0";"3.18";"0";"2623";"1303";"100%,50%"
"264";"P 7";"10218";"13";"1999";"1562";"0";"0";"3.17";"3.22";"2623";"1303";"100%,50%"
"265";"P 7";"10245";"27";"1807";"1591";"0";"0";"3.21";"0";"2623";"1303";"100%,50%"
"266";"P 7";"10367";"121";"1827";"1558";"0";"0";"3.22";"0";"2623";"1303";"100%,50%"
"267";"P 7";"10407";"40";"1863";"1734";"0";"0";"3.43";"0";"2623";"1303";"100%,50%"
"268";"P 7";"10448";"40";"1880";"1936";"0";"0";"3.43";"0";"2623";"1303";"100%"
"269";"P 7";"10488";"40";"2016";"1887";"0";"0";"3.43";"3.45";"2623";"1303";"100%"
"270";"P 7";"10529";"40";"1877";"1956";"0";"0";"3.41";"0";"2623";"1303";"100%"
"271";"P 7";"10556";"27";"1797";"928";"0";"0";"-1";"0";"2623";"1303";"100%,50%"
"272";"P 7";"10569";"13";"1900";"1465";"0";"0";"3.4";"0";"2623";"1303";"100%,25%,50%"
"273";"P 7";"10583";"13";"1834";"1724";"0";"0";"3.41";"0";"2623";"1303";"100%,50%"
"274";"P 7";"10610";"26";"1850";"1950";"0";"0";"3.51";"0";"2623";"1303";"100%"
"275";"P 7";"10650";"40";"1837";"262";"0";"0";"-1";"0";"2623";"1303";"100%"
"276";"P 7";"10691";"40";"1847";"1999";"0";"0";"3.48";"0";"2623";"1303";"100%"
"277";"P 7";"10718";"26";"1834";"1717";"0";"0";"3.55";"3.7";"2623";"1303";"100%,50%"
"278";"P 7";"10745";"27";"1688";"1462";"0";"0";"3.52";"0";"2623";"1303";"100%,25%,50%"
"279";"P 7";"10758";"13";"1844";"1754";"0";"0";"3.63";"0";"2623";"1303";"100%,50%"
"280";"P 7";"10785";"26";"1747";"524";"0";"0";"-1";"3.73";"2623";"1303";"100%"
"281";"P 7";"10813";"27";"1777";"2255";"0";"0";"3.66";"0";"2623";"1303";"100%"
"282";"P 7";"10880";"67";"1880";"1993";"0";"0";"3.6";"3.79";"2623";"1303";"100%"
"283";"P 7";"10921";"40";"1771";"2082";"0";"0";"3.66";"0";"2623";"1303";"100%"
"284";"P 7";"10934";"13";"1794";"1940";"0";"0";"3.59";"3.81";"2623";"1303";"100%"
"285";"P 7";"10961";"27";"1439";"1300";"0";"0";"0";"3.93";"2623";"1303";"100%,50%"
"286";"P 7";"10975";"13";"1950";"1827";"0";"0";"3.71";"3.91";"2623";"1303";"100%"
"287";"P 7";"10988";"13";"1800";"1615";"0";"0";"3.67";"0";"2623";"1303";"100%,50%"
"288";"P 7";"11015";"27";"1764";"1989";"0";"0";"3.69";"0";"2623";"1303";"100%"
"289";"P 7";"11042";"27";"1605";"895";"0";"0";"0";"3.79";"2623";"1303";"100%,50%"
"290";"P 7";"11070";"27";"1824";"630";"0";"0";"-1";"3.85";"2623";"1303";"100%"
"291";"P 7";"11083";"13";"1774";"1651";"0";"0";"3.63";"3.76";"2623";"1303";"100%,50%"
"292";"P 7";"11096";"13";"1873";"1946";"0";"0";"3.61";"3.75";"2623";"1303";"100%"
"293";"P 7";"11110";"13";"1422";"1303";"0";"0";"0";"3.8";"2623";"1303";"100%,50%"
"294";"P 7";"11123";"13";"1837";"1956";"0";"0";"3.61";"3.77";"2623";"1303";"100%"
"295";"P 7";"11137";"13";"1618";"1001";"0";"0";"0";"3.72";"2623";"1303";"100%,25%,50%"
"296";"P 7";"11150";"13";"1797";"2139";"0";"0";"3.68";"0";"2623";"1303";"100%"
"297";"P 7";"11164";"13";"1784";"2158";"0";"0";"3.6";"3.78";"2623";"1303";"100%"
"298";"P 7";"11191";"27";"1436";"1071";"0";"0";"0";"3.68";"2623";"1303";"100%,50%"
"299";"P 7";"11205";"13";"1930";"1790";"0";"0";"3.53";"3.65";"2623";"1303";"100%,50%"
"300";"P 7";"11218";"13";"1933";"1863";"0";"0";"3.58";"3.6";"2623";"1303";"100%"
"301";"P 7";"11232";"13";"1479";"1502";"0";"0";"0";"3.63";"2623";"1303";"100%,50%"
"302";"P 7";"11245";"13";"1923";"1562";"0";"0";"3.52";"0";"2623";"1303";"100%,50%"
"303";"P 7";"11259";"13";"1887";"1847";"0";"0";"3.54";"3.64";"2623";"1303";"100%"
"304";"P 7";"11272";"13";"1900";"1837";"0";"0";"3.51";"3.62";"2623";"1303";"100%"
"305";"P 7";"11285";"13";"1857";"2049";"0";"0";"3.55";"3.68";"2623";"1303";"100%"
"306";"P 7";"11299";"13";"1966";"1903";"0";"0";"3.52";"0";"2623";"1303";"100%"
"307";"P 7";"11313";"13";"1857";"1873";"0";"0";"3.49";"0";"2623";"1303";"100%"
"308";"P 7";"11448";"135";"1459";"1601";"0";"0";"0";"3.44";"2623";"1303";"100%,50%"
"309";"P 7";"11475";"26";"1320";"1591";"0";"0";"0";"3.47";"2623";"1303";"100%,50%"
"310";"P 7";"11502";"27";"1359";"1588";"0";"0";"0";"3.59";"2623";"1303";"100%,50%"
"311";"P 7";"11529";"27";"1509";"965";"0";"0";"0";"3.47";"2623";"1303";"100%,50%"
"312";"P 7";"11556";"27";"1545";"1502";"0";"0";"0";"3.47";"2623";"1303";"100%,50%"
"313";"P 7";"11583";"27";"1572";"1346";"0";"0";"0";"3.51";"2623";"1303";"100%,25%,50%"
"314";"P 7";"11611";"27";"2619";"1744";"0";"0";"3.3";"0";"2623";"1303";"100%"
"315";"P 7";"11624";"13";"1890";"1101";"0";"0";"3.34";"0";"2623";"1303";"100%,25%,50%"
"316";"P 7";"11637";"13";"1976";"1515";"0";"0";"3.39";"3.43";"2623";"1303";"100%,50%"
"317";"P 7";"11651";"13";"1989";"1661";"0";"0";"3.36";"3.5";"2623";"1303";"100%,50%"
"318";"P 7";"11664";"13";"2019";"1678";"0";"0";"3.44";"3.39";"2623";"1303";"100%,50%"
"319";"P 7";"11678";"13";"1853";"1883";"0";"0";"3.43";"3.45";"2623";"1303";"100%"
"320";"P 7";"11692";"13";"1910";"1833";"0";"0";"3.43";"3.44";"2623";"1303";"100%"
"321";"P 7";"11705";"13";"2076";"1920";"0";"0";"3.44";"3.43";"2623";"1303";"100%"
"322";"P 7";"11759";"53";"1903";"1804";"0";"0";"3.42";"0";"2623";"1303";"100%,50%"
"323";"P 7";"11786";"26";"2023";"1777";"0";"0";"3.4";"0";"2623";"1303";"100%"
"324";"P 7";"11813";"27";"1973";"1870";"0";"0";"3.45";"3.4";"2623";"1303";"100%"
"325";"P 7";"11840";"27";"1893";"1160";"0";"0";"-1";"0";"2623";"1303";"100%,25%,50%"
"326";"P 7";"11854";"13";"2059";"1900";"0";"0";"3.35";"0";"2623";"1303";"100%"
"327";"P 7";"11867";"13";"1910";"1505";"0";"0";"3.39";"0";"2623";"1303";"100%,50%"
"328";"P 7";"11935";"67";"1926";"1744";"0";"0";"3.38";"0";"2623";"1303";"100%,50%"
"329";"P 7";"11975";"40";"1936";"1820";"0";"0";"3.45";"3.4";"2623";"1303";"100%"
"330";"P 7";"12016";"40";"1930";"1857";"0";"0";"3.29";"0";"2623";"1303";"100%"
"331";"P 7";"12070";"53";"1900";"1900";"0";"0";"3.29";"0";"2623";"1303";"100%"
"332";"P 7";"12083";"13";"1867";"2145";"0";"0";"3.36";"3.31";"2623";"1303";"100%"
"333";"P 7";"12110";"26";"1834";"1810";"0";"0";"3.36";"3.41";"2623";"1303";"100%,50%"
"334";"P 7";"12124";"13";"1916";"1969";"0";"0";"3.42";"3.35";"2623";"1303";"100%"
"335";"P 7";"12138";"13";"1970";"1936";"0";"0";"3.42";"0";"2623";"1303";"100%"
"336";"P 7";"12151";"13";"1887";"1684";"0";"0";"3.4";"0";"2623";"1303";"100%,50%"
"337";"P 7";"12178";"27";"1940";"1757";"0";"0";"3.28";"0";"2623";"1303";"100%,50%"
"338";"P 7";"12192";"13";"2023";"1456";"0";"0";"3.23";"0";"2623";"1303";"100%,50%"
"339";"P 7";"12219";"27";"1970";"1499";"0";"0";"3.32";"0";"2623";"1303";"100%,50%"
"340";"P 7";"12259";"40";"1979";"1664";"0";"0";"3.32";"0";"2623";"1303";"100%,50%"
"341";"P 7";"12300";"40";"1933";"1787";"0";"0";"3.26";"0";"2623";"1303";"100%,50%"
"342";"P 7";"12340";"40";"2013";"998";"0";"0";"-1";"0";"2623";"1303";"100%,50%"
"343";"P 7";"12368";"27";"1923";"70";"0";"0";"-1";"3.38";"2623";"1303";"100%"
"344";"P 7";"12394";"26";"1970";"1562";"0";"0";"3.35";"3.34";"2623";"1303";"100%,50%"
"345";"P 7";"12408";"13";"1983";"1810";"0";"0";"3.32";"0";"2623";"1303";"100%"
"346";"P 7";"12421";"13";"1867";"1930";"0";"0";"3.33";"0";"2623";"1303";"100%"
"347";"P 7";"12476";"54";"1880";"1714";"0";"0";"3.23";"0";"2623";"1303";"100%,50%"
"348";"P 7";"12543";"67";"2033";"1459";"0";"0";"3.23";"3.4";"2623";"1303";"100%,50%"
"349";"P 7";"12584";"40";"1810";"1774";"0";"0";"3.28";"0";"2623";"1303";"100%,50%"
"350";"P 7";"12597";"13";"1810";"2158";"0";"0";"3.36";"0";"2623";"1303";"100%"
"351";"P 7";"12651";"53";"1857";"1426";"0";"0";"3.31";"0";"2623";"1303";"100%,25%,50%"
"352";"P 7";"12665";"13";"2096";"1611";"0";"0";"3.32";"0";"2623";"1303";"100%,50%"
"353";"P 7";"12746";"81";"1857";"1233";"0";"0";"3.34";"0";"2623";"1303";"10%,100%,25%,50%"
"354";"P 7";"12786";"40";"1887";"1509";"0";"0";"3.32";"0";"2623";"1303";"100%,50%"
"355";"P 7";"12827";"40";"2122";"1618";"0";"0";"3.17";"0";"2623";"1303";"100%,50%"
"356";"P 7";"12935";"108";"1340";"1462";"0";"0";"0";"3.18";"2623";"1303";"100%,50%"
"357";"P 7";"12962";"26";"1824";"1366";"0";"0";"3.19";"0";"2623";"1303";"100%,25%,50%"
"358";"P 7";"12976";"13";"1966";"1519";"0";"0";"3.08";"0";"2623";"1303";"100%,50%"
"359";"P 7";"13003";"27";"1897";"2026";"0";"0";"3.31";"3.24";"2623";"1303";"100%"
"360";"P 7";"13016";"13";"1956";"1270";"0";"0";"3.05";"0";"2623";"1303";"100%,25%,50%"
"361";"P 7";"13030";"13";"1986";"1674";"0";"0";"3.16";"0";"2623";"1303";"100%,50%"
"362";"P 7";"13043";"13";"1970";"1462";"0";"0";"3.11";"0";"2623";"1303";"100%,50%"
"363";"P 7";"13084";"40";"1920";"1638";"0";"0";"3.17";"0";"2623";"1303";"100%,50%"
"364";"P 7";"13097";"13";"1976";"1588";"0";"0";"3.13";"3.31";"2623";"1303";"100%,50%"
"365";"P 7";"13111";"13";"1907";"1552";"0";"0";"3.22";"0";"2623";"1303";"100%,50%"
"366";"P 7";"13138";"27";"1970";"1843";"0";"0";"3.21";"0";"2623";"1303";"100%"
"367";"P 7";"13178";"40";"1827";"1538";"0";"0";"3.23";"0";"2623";"1303";"100%,50%"
"368";"P 7";"13232";"54";"1873";"1492";"0";"0";"3.15";"0";"2623";"1303";"100%,25%,50%"
"369";"P 7";"13273";"40";"2155";"1552";"0";"0";"3.21";"0";"2623";"1303";"100%,50%"
"370";"P 7";"13341";"67";"1946";"1548";"0";"0";"3.19";"3.29";"2623";"1303";"100%,50%"
"371";"P 7";"13368";"27";"1340";"1538";"0";"0";"0";"3.18";"2623";"1303";"100%,50%"
"372";"P 7";"13381";"13";"1340";"1243";"0";"0";"0";"3.31";"2623";"1303";"100%,50%"
"373";"P 7";"13395";"13";"1897";"1820";"0";"0";"3.19";"0";"2623";"1303";"100%,50%"
"374";"P 7";"13462";"67";"2182";"1542";"0";"0";"3.22";"0";"2623";"1303";"100%,50%"
"375";"P 7";"13476";"13";"1986";"1737";"0";"0";"3.27";"0";"2623";"1303";"100%,50%"
"376";"P 7";"13503";"26";"2076";"1449";"0";"0";"3.24";"0";"2623";"1303";"100%,50%"
"377";"P 7";"13517";"13";"2105";"1896";"0";"0";"3.26";"0";"2623";"1303";"100%"
"378";"P 7";"13530";"13";"1970";"1535";"0";"0";"3.36";"0";"2623";"1303";"100%,50%"
"379";"P 7";"13557";"27";"2205";"2102";"0";"0";"3.32";"3.36";"2623";"1303";"100%"
"380";"P 7";"13584";"26";"2076";"1770";"0";"0";"3.2";"3.44";"2623";"1303";"100%"
"381";"P 7";"13598";"13";"1853";"1757";"0";"0";"3.31";"0";"2623";"1303";"100%,50%"
"382";"P 7";"13611";"13";"1840";"1320";"0";"0";"3.3";"0";"2623";"1303";"100%,25%,50%"
"383";"P 7";"13665";"54";"1900";"1717";"0";"0";"3.3";"3.4";"2623";"1303";"100%,50%"
"384";"P 7";"13706";"40";"1940";"1817";"0";"0";"3.44";"0";"2623";"1303";"100%"
"385";"P 7";"13733";"27";"1920";"660";"0";"0";"-1";"0";"2623";"1303";"100%,50%"
"386";"P 7";"13773";"40";"1936";"1794";"0";"0";"3.32";"3.46";"2623";"1303";"100%,50%"
"387";"P 7";"13800";"27";"1820";"1814";"0";"0";"3.38";"0";"2623";"1303";"100%,50%"
"388";"P 7";"13814";"13";"1903";"1790";"0";"0";"3.31";"0";"2623";"1303";"100%,50%"
"389";"P 7";"13828";"13";"1986";"2003";"0";"0";"3.42";"3.43";"2623";"1303";"100%"
"390";"P 7";"13841";"12";"1940";"1519";"0";"0";"3.35";"3.48";"2623";"1303";"100%,50%"
"391";"P 7";"13855";"13";"1824";"1688";"0";"0";"3.36";"0";"2623";"1303";"100%,50%"
"392";"P 7";"13868";"13";"1903";"1950";"0";"0";"3.37";"0";"2623";"1303";"100%"
"393";"P 7";"13895";"27";"1857";"2271";"0";"0";"3.39";"0";"2623";"1303";"100%"
"394";"P 7";"13922";"27";"1422";"1346";"0";"0";"0";"3.43";"2623";"1303";"100%,50%"
"395";"P 7";"13949";"26";"1830";"1860";"0";"0";"3.38";"0";"2623";"1303";"100%"
"396";"P 7";"13962";"13";"1333";"1436";"0";"0";"0";"3.43";"2623";"1303";"100%,50%"
"397";"P 7";"13976";"13";"1897";"1648";"0";"0";"3.35";"0";"2623";"1303";"100%,50%"
"398";"P 7";"13990";"13";"1897";"1638";"0";"0";"3.26";"0";"2623";"1303";"100%,50%"
"399";"P 7";"14003";"13";"1863";"1827";"0";"0";"3.34";"0";"2623";"1303";"100%,50%"
"400";"P 7";"14030";"26";"1970";"1754";"0";"0";"3.33";"0";"2623";"1303";"100%,50%"
"401";"P 7";"14044";"13";"1824";"1820";"0";"0";"3.36";"3.48";"2623";"1303";"100%,50%"
"402";"P 7";"14057";"13";"1860";"1853";"0";"0";"3.39";"0";"2623";"1303";"100%"
"403";"P 7";"14071";"13";"1907";"1303";"0";"0";"3.31";"3.48";"2623";"1303";"100%,25%,50%"
"404";"P 7";"14098";"27";"1950";"1558";"0";"0";"3.33";"0";"2623";"1303";"100%,50%"
"405";"P 7";"14111";"13";"1933";"1999";"0";"0";"3.33";"3.44";"2623";"1303";"100%"
"406";"P 7";"14125";"13";"1850";"1678";"0";"0";"3.27";"3.39";"2623";"1303";"100%,50%"
"407";"P 7";"14138";"13";"1860";"1724";"0";"0";"3.3";"3.5";"2623";"1303";"100%,50%"
"408";"P 7";"14152";"13";"1946";"1906";"0";"0";"3.41";"3.41";"2623";"1303";"100%"
"409";"P 7";"14165";"13";"1837";"1452";"0";"0";"3.38";"3.42";"2623";"1303";"100%,25%,50%"
"410";"P 7";"14179";"13";"1877";"1678";"0";"0";"3.3";"0";"2623";"1303";"100%,50%"
"411";"P 7";"14192";"13";"1797";"1943";"0";"0";"3.34";"3.44";"2623";"1303";"100%"
"412";"P 7";"14219";"26";"1863";"1923";"0";"0";"3.41";"0";"2623";"1303";"100%"
"413";"P 7";"14233";"13";"1840";"2029";"0";"0";"3.34";"0";"2623";"1303";"100%"
"414";"P 7";"14247";"13";"1844";"1820";"0";"0";"3.38";"0";"2623";"1303";"100%,50%"
"415";"P 7";"14273";"26";"1837";"1644";"0";"0";"3.25";"0";"2623";"1303";"100%,50%"
"416";"P 7";"14287";"13";"2019";"1877";"0";"0";"3.34";"0";"2623";"1303";"100%"
"417";"P 7";"14368";"80";"1863";"1691";"0";"0";"3.31";"0";"2623";"1303";"100%,50%"
"418";"P 7";"14410";"42";"1960";"1867";"0";"0";"3.33";"0";"2623";"1303";"100%"
"419";"P 7";"14504";"93";"1940";"1651";"0";"0";"3.23";"0";"2623";"1303";"100%,50%"
"420";"P 7";"14544";"40";"1976";"2172";"0";"0";"3.41";"0";"2623";"1303";"100%"
"421";"P 7";"14571";"27";"1419";"1598";"0";"0";"0";"3.53";"2623";"1303";"100%,50%"
"422";"P 7";"14585";"13";"2016";"1774";"0";"0";"3.34";"0";"2623";"1303";"100%,50%"
"423";"P 7";"14598";"13";"1999";"1774";"0";"0";"3.31";"0";"2623";"1303";"100%,50%"
"424";"P 7";"14666";"67";"1976";"1601";"0";"0";"3.3";"0";"2623";"1303";"100%,50%"
"425";"P 7";"14733";"67";"1979";"1926";"0";"0";"3.36";"0";"2623";"1303";"100%"
"426";"P 7";"14814";"81";"1824";"640";"0";"0";"-1";"0";"2623";"1303";"100%,50%"
"427";"P 7";"14841";"26";"2129";"1737";"0";"0";"3.16";"0";"2623";"1303";"100%"
"428";"P 7";"14868";"27";"1943";"1658";"0";"0";"3.27";"0";"2623";"1303";"100%,50%"
"429";"P 7";"14936";"67";"1847";"1479";"0";"0";"3.11";"0";"2623";"1303";"100%,25%,50%"
"430";"P 7";"14977";"40";"2049";"2228";"0";"0";"3.29";"0";"2623";"1303";"100%"
"431";"P 7";"15017";"40";"1996";"1436";"0";"0";"3.12";"0";"2623";"1303";"100%,50%"
"432";"P 7";"15058";"40";"2049";"1326";"0";"0";"3.08";"0";"2623";"1303";"100%,50%"
"433";"P 7";"15098";"40";"2082";"1558";"0";"0";"3.05";"0";"2623";"1303";"100%,50%"
"434";"P 7";"15125";"27";"1893";"1737";"0";"0";"3.15";"3.19";"2623";"1303";"100%,50%"
"435";"P 7";"15152";"26";"2129";"1538";"0";"0";"3.03";"3.08";"2623";"1303";"100%,50%"
"436";"P 7";"15166";"13";"2076";"1658";"0";"0";"3.03";"3.21";"2623";"1303";"100%,50%"
"437";"P 7";"15179";"13";"1903";"1343";"0";"0";"2.96";"0";"2623";"1303";"100%,25%,50%"
"438";"P 7";"15193";"13";"2062";"1326";"0";"0";"3.09";"0";"2623";"1303";"100%,50%"
"439";"P 7";"15220";"27";"1903";"1906";"0";"0";"3.13";"0";"2623";"1303";"100%"
"440";"P 7";"15233";"13";"2023";"1628";"0";"0";"2.98";"0";"2623";"1303";"100%,50%"
"441";"P 7";"15247";"13";"2023";"1336";"0";"0";"2.98";"0";"2623";"1303";"100%,25%,50%"
"442";"P 7";"15260";"13";"1880";"1446";"0";"0";"3.08";"0";"2623";"1303";"100%,25%,50%"
"443";"P 7";"15301";"40";"2029";"1376";"0";"0";"2.96";"0";"2623";"1303";"100%,50%"
"444";"P 7";"15328";"26";"2016";"1439";"0";"0";"3.04";"0";"2623";"1303";"100%,50%"
"445";"P 7";"15355";"27";"2129";"1472";"0";"0";"3.01";"0";"2623";"1303";"100%,50%"
"446";"P 7";"15409";"54";"2112";"1306";"0";"0";"2.98";"0";"2623";"1303";"100%,50%"
"447";"P 7";"15450";"40";"2042";"1330";"0";"0";"2.95";"0";"2623";"1303";"100%,50%"
"448";"P 7";"15490";"40";"2119";"1379";"0";"0";"2.99";"0";"2623";"1303";"100%,50%"
"449";"P 7";"15531";"40";"2082";"1462";"0";"0";"2.97";"0";"2623";"1303";"100%,50%"
"450";"P 7";"15571";"40";"2042";"1349";"0";"0";"2.95";"0";"2623";"1303";"100%,50%"
"451";"P 7";"15598";"27";"1936";"1887";"0";"0";"3.08";"0";"2623";"1303";"100%"
"452";"P 7";"15652";"53";"2129";"1777";"0";"0";"3.11";"0";"2623";"1303";"100%"
"453";"P 7";"15720";"67";"2006";"1548";"0";"0";"3.05";"0";"2623";"1303";"100%,50%"
"454";"P 7";"15761";"40";"1877";"1784";"0";"0";"3.15";"0";"2623";"1303";"100%,50%"
"455";"P 7";"15842";"81";"1774";"1565";"0";"0";"3.16";"0";"2623";"1303";"100%,50%"
"456";"P 7";"15909";"67";"1940";"1966";"0";"0";"3.24";"3.2";"2623";"1303";"100%"
"457";"P 7";"15950";"40";"1751";"1767";"0";"0";"3.19";"3.34";"2623";"1303";"100%,50%"
"458";"P 7";"15990";"40";"1986";"1840";"0";"0";"3.21";"3.34";"2623";"1303";"100%"
"459";"P 7";"16018";"27";"1989";"1694";"0";"0";"3.18";"0";"2623";"1303";"100%,50%"
"460";"P 7";"16058";"40";"1887";"1674";"0";"0";"3.3";"0";"2623";"1303";"100%,50%"
"461";"P 7";"16072";"13";"1989";"1286";"0";"0";"3.3";"0";"2623";"1303";"100%,25%,50%"
"462";"P 7";"16085";"13";"1850";"1863";"0";"0";"3.24";"0";"2623";"1303";"100%"
"463";"P 7";"16099";"13";"1887";"1581";"0";"0";"3.33";"3.42";"2623";"1303";"100%,50%"
"464";"P 7";"16126";"27";"1373";"1406";"0";"0";"0";"3.27";"2623";"1303";"100%,50%"
"465";"P 7";"16139";"13";"1883";"1777";"0";"0";"3.36";"3.42";"2623";"1303";"100%,50%"
"466";"P 7";"16153";"13";"1867";"1664";"0";"0";"3.32";"0";"2623";"1303";"100%,50%"
"467";"P 7";"16180";"27";"2046";"1810";"0";"0";"3.41";"0";"2623";"1303";"100%"
"468";"P 7";"16193";"13";"1993";"1525";"0";"0";"3.39";"0";"2623";"1303";"100%,50%"
"469";"P 7";"16207";"13";"1883";"1790";"0";"0";"3.38";"0";"2623";"1303";"100%,50%"
"470";"P 7";"16234";"27";"2129";"1704";"0";"0";"3.36";"0";"2623";"1303";"100%"
"471";"P 7";"16288";"53";"2046";"1774";"0";"0";"3.33";"3.41";"2623";"1303";"100%"
"472";"P 7";"16301";"13";"1850";"1369";"0";"0";"3.33";"0";"2623";"1303";"100%,25%,50%"
"473";"P 7";"16315";"13";"2149";"1804";"0";"0";"3.38";"0";"2623";"1303";"100%"
"474";"P 7";"16342";"27";"2129";"1625";"0";"0";"3.4";"3.53";"2623";"1303";"100%,50%"
"475";"P 7";"16356";"13";"1970";"1827";"0";"0";"3.48";"3.51";"2623";"1303";"100%"
"476";"P 7";"16369";"13";"1877";"1870";"0";"0";"3.4";"0";"2623";"1303";"100%"
"477";"P 7";"16383";"13";"1940";"1648";"0";"0";"3.4";"0";"2623";"1303";"100%,50%"
"478";"P 7";"16409";"26";"1933";"1668";"0";"0";"3.4";"3.51";"2623";"1303";"100%,50%"
"479";"P 7";"16450";"40";"1923";"1452";"0";"0";"3.33";"0";"2623";"1303";"100%,25%,50%"
"480";"P 7";"16504";"54";"2009";"1910";"0";"0";"3.5";"3.45";"2623";"1303";"100%"
"481";"P 7";"16518";"13";"1960";"1840";"0";"0";"3.53";"0";"2623";"1303";"100%"
"482";"P 7";"16531";"13";"2033";"1532";"0";"0";"3.36";"0";"2623";"1303";"100%,50%"
"483";"P 7";"16545";"13";"2006";"1996";"0";"0";"3.38";"0";"2623";"1303";"100%"
"484";"P 7";"16558";"13";"1999";"1943";"0";"0";"3.4";"0";"2623";"1303";"100%"
"485";"P 7";"16572";"13";"2076";"1522";"0";"0";"3.36";"0";"2623";"1303";"100%,50%"
"486";"P 7";"16599";"26";"2049";"1744";"0";"0";"3.39";"0";"2623";"1303";"100%,50%"
"487";"P 7";"16613";"13";"1950";"1896";"0";"0";"3.36";"3.46";"2623";"1303";"100%"
"488";"P 7";"16626";"13";"1850";"1379";"0";"0";"3.38";"0";"2623";"1303";"100%,25%,50%"
"489";"P 7";"16638";"12";"1910";"1867";"0";"0";"3.43";"0";"2623";"1303";"100%"
"490";"P 7";"16653";"14";"1910";"1528";"0";"0";"3.28";"0";"2623";"1303";"100%,50%"
"491";"P 7";"16680";"27";"2029";"1691";"0";"0";"3.35";"0";"2623";"1303";"100%,50%"
"492";"P 7";"16693";"13";"1890";"1608";"0";"0";"3.37";"0";"2623";"1303";"100%,50%"
"493";"P 7";"16707";"13";"1960";"1668";"0";"0";"3.38";"0";"2623";"1303";"100%,50%"
"494";"P 7";"16774";"67";"1887";"1999";"0";"0";"3.3";"0";"2623";"1303";"100%"
"495";"P 7";"16815";"40";"1920";"1883";"0";"0";"3.37";"0";"2623";"1303";"100%"
"496";"P 7";"16883";"67";"1956";"1625";"0";"0";"3.21";"0";"2623";"1303";"100%,50%"
"497";"P 7";"16924";"40";"1787";"1698";"0";"0";"3.33";"0";"2623";"1303";"100%,50%"
"498";"P 7";"16951";"26";"1419";"1187";"0";"0";"0";"3.27";"2623";"1303";"100%,50%"
"499";"P 7";"16991";"40";"1379";"1260";"0";"0";"0";"3.09";"2623";"1303";"100%,50%"
"500";"P 7";"17005";"13";"2062";"1631";"0";"0";"3.13";"3.25";"2623";"1303";"100%,50%"
"501";"P 7";"17018";"13";"1910";"1780";"0";"0";"3.22";"0";"2623";"1303";"100%,50%"
"502";"P 7";"17031";"13";"1910";"1595";"0";"0";"3.12";"0";"2623";"1303";"100%,50%"
"503";"P 7";"17045";"13";"2049";"1661";"0";"0";"3.17";"0";"2623";"1303";"100%,50%"
"504";"P 7";"17221";"175";"1867";"1323";"0";"0";"3.11";"0";"2623";"1303";"100%,25%,50%"
"505";"P 7";"17248";"27";"1877";"1940";"0";"0";"3.21";"0";"2623";"1303";"100%"
"506";"P 7";"17275";"26";"1963";"1528";"0";"0";"3.15";"3.27";"2623";"1303";"100%,50%"
"507";"P 7";"17288";"13";"2039";"1204";"0";"0";"3.11";"0";"2623";"1303";"100%,25%,50%"
"508";"P 7";"17302";"13";"1817";"1489";"0";"0";"3.29";"0";"2623";"1303";"100%,25%,50%"
"509";"P 7";"17315";"13";"1950";"1983";"0";"0";"3.35";"0";"2623";"1303";"100%"
"510";"P 7";"17329";"13";"2152";"1651";"0";"0";"3.22";"0";"2623";"1303";"100%,50%"
"511";"P 7";"17356";"27";"1979";"1598";"0";"0";"3.21";"0";"2623";"1303";"100%,50%"
"512";"P 7";"17410";"53";"1910";"1688";"0";"0";"3.21";"3.33";"2623";"1303";"100%,50%"
"513";"P 7";"17437";"27";"1940";"1648";"0";"0";"3.29";"3.24";"2623";"1303";"100%,50%"
"514";"P 7";"17451";"13";"1887";"1830";"0";"0";"3.34";"3.46";"2623";"1303";"100%"
"515";"P 7";"17464";"13";"1893";"1638";"0";"0";"3.37";"0";"2623";"1303";"100%,50%"
"516";"P 7";"17586";"121";"1930";"1668";"0";"0";"3.33";"0";"2623";"1303";"100%,50%"
"517";"P 7";"17627";"40";"1940";"1840";"0";"0";"3.35";"0";"2623";"1303";"100%"
"518";"P 7";"17667";"40";"1936";"1575";"0";"0";"3.3";"0";"2623";"1303";"100%,50%"
"519";"P 7";"17694";"26";"1923";"1946";"0";"0";"3.42";"3.37";"2623";"1303";"100%"
"520";"P 7";"17721";"26";"1883";"1810";"0";"0";"3.33";"3.35";"2623";"1303";"100%,50%"
"521";"P 7";"17735";"13";"1860";"1751";"0";"0";"3.36";"0";"2623";"1303";"100%,50%"
"522";"P 7";"17762";"26";"1983";"1575";"0";"0";"3.31";"0";"2623";"1303";"100%,50%"
"523";"P 7";"17788";"26";"1933";"1744";"0";"0";"3.36";"3.4";"2623";"1303";"100%,50%"
"524";"P 7";"17843";"54";"1933";"2112";"0";"0";"3.38";"0";"2623";"1303";"100%"
"525";"P 7";"17856";"13";"1926";"1973";"0";"0";"3.35";"0";"2623";"1303";"100%"
"526";"P 7";"17883";"27";"1867";"1608";"0";"0";"3.37";"0";"2623";"1303";"100%,50%"
"527";"P 7";"17937";"54";"1936";"1495";"0";"0";"3.22";"0";"2623";"1303";"100%,50%"
"528";"P 7";"17964";"26";"1767";"428";"0";"0";"-1";"3.21";"2623";"1303";"100%"
"529";"P 7";"17992";"27";"1907";"2112";"0";"0";"3.36";"3.33";"2623";"1303";"100%"
"530";"P 7";"18018";"26";"2069";"2155";"0";"0";"3.26";"0";"2623";"1303";"100%"
"531";"P 7";"18073";"54";"2033";"1601";"0";"0";"3.2";"0";"2623";"1303";"100%,50%"
"532";"P 7";"18086";"13";"1844";"1644";"0";"0";"3.19";"0";"2623";"1303";"100%,50%"
"533";"P 7";"18140";"54";"1916";"1800";"0";"0";"3.2";"0";"2623";"1303";"100%,50%"
"534";"P 7";"18235";"94";"1827";"1104";"0";"0";"3.18";"0";"2623";"1303";"100%,25%,50%"
"535";"P 7";"18275";"40";"1926";"1641";"0";"0";"3.21";"0";"2623";"1303";"100%,50%"
"536";"P 7";"18316";"40";"1860";"1489";"0";"0";"3.2";"0";"2623";"1303";"100%,25%,50%"
"537";"P 7";"18356";"40";"1940";"1737";"0";"0";"3.21";"0";"2623";"1303";"100%,50%"
"538";"P 7";"18383";"26";"2162";"1638";"0";"0";"3.16";"0";"2623";"1303";"100%,50%"
"539";"P 7";"18424";"40";"2006";"1522";"0";"0";"3.28";"0";"2623";"1303";"100%,50%"
"540";"P 7";"18451";"27";"1439";"1386";"0";"0";"0";"3.3";"2623";"1303";"100%,50%"
"541";"P 7";"18478";"26";"1953";"1664";"0";"0";"3.23";"0";"2623";"1303";"100%,50%"
"542";"P 7";"18492";"13";"1940";"1439";"0";"0";"3.2";"3.35";"2623";"1303";"100%,25%,50%"
"543";"P 7";"18505";"13";"2052";"1399";"0";"0";"3.15";"0";"2623";"1303";"100%,50%"
"544";"P 7";"18519";"13";"1996";"1615";"0";"0";"3.23";"0";"2623";"1303";"100%,50%"
"545";"P 7";"18546";"27";"1910";"1671";"0";"0";"3.23";"0";"2623";"1303";"100%,50%"
"546";"P 7";"18559";"13";"1824";"1422";"0";"0";"3.2";"0";"2623";"1303";"100%,25%,50%"
"547";"P 7";"18573";"13";"1926";"1724";"0";"0";"3.3";"0";"2623";"1303";"100%,50%"
"548";"P 7";"18600";"27";"1930";"1615";"0";"0";"3.18";"0";"2623";"1303";"100%,50%"
"549";"P 7";"18667";"67";"2089";"1442";"0";"0";"3.15";"0";"2623";"1303";"100%,50%"
"550";"P 7";"18708";"40";"1873";"1575";"0";"0";"3.27";"0";"2623";"1303";"100%,50%"
"551";"P 7";"18775";"67";"2086";"1363";"0";"0";"3.17";"0";"2623";"1303";"100%,50%"
"552";"P 7";"18816";"40";"1877";"1207";"0";"0";"3.22";"0";"2623";"1303";"100%,25%,50%"
"553";"P 7";"18911";"94";"1867";"1409";"0";"0";"3.26";"0";"2623";"1303";"100%,25%,50%"
"554";"P 7";"18938";"27";"1910";"1867";"0";"0";"3.38";"3.31";"2623";"1303";"100%"
"555";"P 7";"18965";"27";"1926";"1751";"0";"0";"3.28";"3.22";"2623";"1303";"100%,50%"
"556";"P 7";"18978";"13";"1893";"1628";"0";"0";"3.25";"3.37";"2623";"1303";"100%,50%"
"557";"P 7";"18992";"13";"1930";"1611";"0";"0";"3.24";"0";"2623";"1303";"100%,50%"
"558";"P 7";"19019";"26";"2069";"1300";"0";"0";"3.13";"0";"2623";"1303";"100%,50%"
"559";"P 7";"19032";"13";"1940";"1870";"0";"0";"3.31";"3.39";"2623";"1303";"100%"
"560";"P 7";"19046";"13";"1817";"1127";"0";"0";"3.25";"0";"2623";"1303";"100%,25%,50%"
"561";"P 7";"19059";"13";"1983";"1711";"0";"0";"3.22";"0";"2623";"1303";"100%,50%"
"562";"P 7";"19073";"13";"1950";"1293";"0";"0";"3.21";"0";"2623";"1303";"100%,25%,50%"
"563";"P 7";"19086";"13";"1999";"1853";"0";"0";"3.24";"0";"2623";"1303";"100%"
"564";"P 7";"19100";"13";"1847";"1837";"0";"0";"3.28";"0";"2623";"1303";"100%"
"565";"P 7";"19114";"13";"1880";"1296";"0";"0";"3.27";"0";"2623";"1303";"100%,25%,50%"
"566";"P 7";"19140";"26";"1936";"1330";"0";"0";"3.16";"0";"2623";"1303";"100%,25%,50%"
"567";"P 7";"19276";"135";"2178";"1535";"0";"0";"3.17";"0";"2623";"1303";"100%,50%"
"568";"P 7";"19303";"27";"1953";"1174";"0";"0";"3.18";"0";"2623";"1303";"100%,25%,50%"
"569";"P 7";"19343";"40";"1926";"1396";"0";"0";"3.21";"0";"2623";"1303";"100%,25%,50%"
"570";"P 7";"19411";"67";"1850";"1359";"0";"0";"3.12";"0";"2623";"1303";"100%,25%,50%"
"571";"P 7";"19492";"81";"2009";"1247";"0";"0";"3.16";"0";"2623";"1303";"100%,25%,50%"
"572";"P 7";"19587";"94";"2066";"1419";"0";"0";"3.1";"0";"2623";"1303";"100%,50%"
"573";"P 7";"19614";"27";"1316";"1439";"0";"0";"0";"3.11";"2623";"1303";"100%,50%"
"574";"P 7";"19641";"26";"2069";"1303";"0";"0";"3.02";"0";"2623";"1303";"100%,50%"
"575";"P 7";"19681";"40";"1970";"1784";"0";"0";"3.1";"0";"2623";"1303";"100%,50%"
"576";"P 7";"19722";"40";"2122";"1562";"0";"0";"3.05";"0";"2623";"1303";"100%,50%"
"577";"P 7";"19803";"81";"1999";"1290";"0";"0";"2.96";"0";"2623";"1303";"100%,25%,50%"
"578";"P 7";"19844";"40";"2003";"1701";"0";"0";"3.07";"0";"2623";"1303";"100%,50%"
"579";"P 7";"19871";"27";"1966";"1608";"0";"0";"3.09";"3.04";"2623";"1303";"100%,50%"
"580";"P 7";"19884";"13";"1986";"1353";"0";"0";"3";"0";"2623";"1303";"100%,25%,50%"
"581";"P 7";"19898";"13";"2105";"1353";"0";"0";"2.96";"0";"2623";"1303";"100%,50%"
"582";"P 7";"19911";"13";"2066";"1373";"0";"0";"3";"0";"2623";"1303";"100%,50%"
"583";"P 7";"19925";"13";"2033";"1154";"0";"0";"3.05";"0";"2623";"1303";"100%,25%,50%"
"584";"P 7";"19938";"13";"2066";"1303";"0";"0";"3.04";"0";"2623";"1303";"100%,50%"
"585";"P 7";"19952";"13";"2049";"1558";"0";"0";"3";"0";"2623";"1303";"100%,50%"
"586";"P 7";"19965";"13";"2036";"1343";"0";"0";"2.9";"0";"2623";"1303";"100%,50%"
"587";"P 7";"19979";"13";"1986";"1207";"0";"0";"2.98";"0";"2623";"1303";"100%,25%,50%"
"588";"P 7";"20006";"27";"2026";"1704";"0";"0";"3.05";"0";"2623";"1303";"100%,50%"
"589";"P 7";"20033";"27";"1903";"1701";"0";"0";"3.08";"0";"2623";"1303";"100%,50%"
"590";"P 7";"20060";"26";"1936";"1787";"0";"0";"2.89";"0";"2623";"1303";"100%,50%"
"591";"P 7";"20087";"27";"2072";"1535";"0";"0";"2.99";"0";"2623";"1303";"100%,50%"
"592";"P 7";"20114";"26";"2052";"1333";"0";"0";"2.95";"0";"2623";"1303";"100%,50%"
"593";"P 7";"20168";"54";"2052";"1611";"0";"0";"3.01";"0";"2623";"1303";"100%,50%"
"594";"P 7";"20208";"40";"2119";"1313";"0";"0";"3.05";"0";"2623";"1303";"100%,50%"
"595";"P 7";"20235";"27";"1979";"1628";"0";"0";"3.02";"0";"2623";"1303";"100%,50%"
"596";"P 7";"20276";"40";"1837";"1824";"0";"0";"3.08";"2.74";"2623";"1303";"100%,50%"
"597";"P 7";"20317";"40";"1946";"1598";"0";"0";"2.96";"3.01";"2623";"1303";"100%,50%"
"598";"P 7";"20344";"26";"1857";"1648";"0";"0";"3.04";"0";"2623";"1303";"100%,50%"
"599";"P 7";"20357";"13";"2023";"1608";"0";"0";"3.13";"0";"2623";"1303";"100%,50%"
"600";"P 7";"20384";"27";"1913";"1555";"0";"0";"3.14";"0";"2623";"1303";"100%,50%"
"601";"P 7";"20425";"40";"1986";"1588";"0";"0";"2.99";"3.13";"2623";"1303";"100%,50%"
"602";"P 7";"20438";"13";"2019";"1900";"0";"0";"3.12";"0";"2623";"1303";"100%"
"603";"P 7";"20452";"13";"2049";"1641";"0";"0";"2.97";"0";"2623";"1303";"100%,50%"
"604";"P 7";"20466";"13";"1946";"1548";"0";"0";"3.05";"0";"2623";"1303";"100%,50%"
"605";"P 7";"20479";"13";"1976";"1399";"0";"0";"2.99";"0";"2623";"1303";"100%,25%,50%"
"606";"P 7";"20493";"13";"1993";"1787";"0";"0";"3.01";"3.08";"2623";"1303";"100%,50%"
"607";"P 7";"20506";"13";"1976";"1714";"0";"0";"3.01";"0";"2623";"1303";"100%,50%"
"608";"P 7";"20520";"13";"1993";"1913";"0";"0";"3.05";"0";"2623";"1303";"100%"
"609";"P 7";"20533";"13";"2003";"1711";"0";"0";"3.06";"0";"2623";"1303";"100%,50%"
"610";"P 7";"20547";"13";"2062";"1548";"0";"0";"2.99";"0";"2623";"1303";"100%,50%"
"611";"P 7";"20560";"13";"1970";"1780";"0";"0";"3.07";"0";"2623";"1303";"100%,50%"
"612";"P 7";"20574";"13";"1860";"2006";"0";"0";"3.11";"0";"2623";"1303";"100%"
"613";"P 7";"20587";"13";"1873";"1131";"0";"0";"2.92";"0";"2623";"1303";"100%,25%,50%"
"614";"P 7";"20601";"13";"1930";"1751";"0";"0";"3.05";"0";"2623";"1303";"100%,50%"
"615";"P 7";"20628";"27";"1920";"1810";"0";"0";"3.04";"0";"2623";"1303";"100%,50%"
"616";"P 7";"20655";"27";"2029";"1290";"0";"0";"2.95";"0";"2623";"1303";"100%,25%,50%"
"617";"P 7";"20682";"27";"2033";"1671";"0";"0";"3.06";"0";"2623";"1303";"100%,50%"
"618";"P 7";"20749";"67";"1979";"1333";"0";"0";"3.05";"0";"2623";"1303";"100%,25%,50%"
"619";"P 7";"20817";"67";"1794";"1721";"0";"0";"3.22";"0";"2623";"1303";"100%,50%"
"620";"P 7";"20966";"149";"1853";"1638";"0";"0";"3.13";"0";"2623";"1303";"100%,50%"
"621";"P 7";"21006";"40";"1923";"2318";"0";"0";"3.25";"0";"2623";"1303";"100%"
"622";"P 7";"21047";"40";"1946";"2092";"0";"0";"3.27";"0";"2623";"1303";"100%"
"623";"P 7";"21101";"54";"1293";"1459";"0";"0";"0";"3.24";"2623";"1303";"100%,50%"
"624";"P 7";"21114";"13";"1790";"2059";"0";"0";"3.32";"3.24";"2623";"1303";"100%"
"625";"P 7";"21141";"26";"1794";"1651";"0";"0";"3.2";"0";"2623";"1303";"100%,50%"
"626";"P 7";"21155";"13";"1953";"1631";"0";"0";"3.17";"0";"2623";"1303";"100%,50%"
"627";"P 7";"21169";"13";"1897";"1313";"0";"0";"3.26";"0";"2623";"1303";"100%,25%,50%"
"628";"P 7";"21182";"13";"1853";"1853";"0";"0";"3.33";"0";"2623";"1303";"100%"
"629";"P 7";"21196";"13";"1999";"2029";"0";"0";"3.34";"0";"2623";"1303";"100%"
"630";"P 7";"21223";"27";"1893";"1817";"0";"0";"3.24";"0";"2623";"1303";"100%,50%"
"631";"P 7";"21263";"40";"1860";"1950";"0";"0";"3.34";"0";"2623";"1303";"100%"
"632";"P 7";"21344";"81";"1926";"1800";"0";"0";"3.4";"0";"2623";"1303";"100%,50%"
"633";"P 7";"21426";"81";"1857";"1747";"0";"0";"3.33";"3.32";"2623";"1303";"100%,50%"
"634";"P 7";"21452";"26";"1930";"1824";"0";"0";"3.34";"3.43";"2623";"1303";"100%"
"635";"P 7";"21466";"13";"1800";"1956";"0";"0";"3.37";"0";"2623";"1303";"100%"
"636";"P 7";"21480";"13";"1940";"1780";"0";"0";"3.38";"0";"2623";"1303";"100%,50%"
"637";"P 7";"21493";"13";"1956";"1495";"0";"0";"3.36";"0";"2623";"1303";"100%,50%"
"638";"P 7";"21506";"13";"1907";"1853";"0";"0";"3.44";"0";"2623";"1303";"100%"
"639";"P 7";"21520";"13";"1916";"1320";"0";"0";"3.26";"0";"2623";"1303";"100%,25%,50%"
"640";"P 7";"21534";"13";"1979";"1707";"0";"0";"3.35";"0";"2623";"1303";"100%,50%"
"641";"P 7";"21547";"13";"1903";"1353";"0";"0";"3.33";"0";"2623";"1303";"100%,25%,50%"
"642";"P 7";"21601";"54";"2212";"1638";"0";"0";"3.25";"3.44";"2623";"1303";"100%"
"643";"P 7";"21655";"54";"1943";"1867";"0";"0";"3.44";"0";"2623";"1303";"100%"
"644";"P 7";"21709";"53";"1847";"1469";"0";"0";"3.33";"0";"2623";"1303";"100%,25%,50%"
"645";"P 7";"21750";"40";"1926";"1538";"0";"0";"3.31";"0";"2623";"1303";"100%,50%"
"646";"P 7";"21817";"67";"1857";"1651";"0";"0";"3.2";"0";"2623";"1303";"100%,50%"
"647";"P 7";"21858";"40";"1837";"1721";"0";"0";"3.21";"0";"2623";"1303";"100%,50%"
"648";"P 7";"21885";"27";"1946";"1522";"0";"0";"3.15";"3.18";"2623";"1303";"100%,50%"
"649";"P 7";"21912";"27";"2013";"1787";"0";"0";"3.21";"0";"2623";"1303";"100%"
"650";"P 7";"21926";"13";"2096";"1684";"0";"0";"3.21";"0";"2623";"1303";"100%,50%"
"651";"P 7";"21952";"26";"1830";"1621";"0";"0";"3.21";"0";"2623";"1303";"100%,50%"
"652";"P 7";"21979";"27";"2062";"1422";"0";"0";"3.08";"0";"2623";"1303";"100%,50%"
"653";"P 7";"22020";"40";"2013";"1678";"0";"0";"3.07";"0";"2623";"1303";"100%,50%"
"654";"P 7";"22047";"27";"2265";"1591";"0";"0";"3.2";"0";"2623";"1303";"100%"
"655";"P 7";"22088";"40";"1810";"1761";"0";"0";"3.28";"0";"2623";"1303";"100%,50%"
"656";"P 7";"22115";"27";"2076";"1615";"0";"0";"3.21";"0";"2623";"1303";"100%,50%"
"657";"P 7";"22142";"26";"1953";"1552";"0";"0";"3.23";"3.13";"2623";"1303";"100%,50%"
"658";"P 7";"22169";"27";"1960";"1870";"0";"0";"3.24";"3.3";"2623";"1303";"100%"
"659";"P 7";"22183";"13";"2112";"1774";"0";"0";"3.27";"0";"2623";"1303";"100%"
"660";"P 7";"22196";"13";"1850";"1963";"0";"0";"3.31";"0";"2623";"1303";"100%"
"661";"P 7";"22209";"13";"1989";"1615";"0";"0";"3.23";"0";"2623";"1303";"100%,50%"
"662";"P 7";"22223";"13";"1916";"1688";"0";"0";"3.38";"0";"2623";"1303";"100%,50%"
"663";"P 7";"22237";"13";"2092";"1754";"0";"0";"3.2";"0";"2623";"1303";"100%"
"664";"P 7";"22263";"26";"1940";"1707";"0";"0";"3.26";"0";"2623";"1303";"100%,50%"
"665";"P 7";"22277";"13";"1926";"1893";"0";"0";"3.26";"0";"2623";"1303";"100%"
"666";"P 7";"22304";"26";"1903";"1336";"0";"0";"3.24";"0";"2623";"1303";"100%,25%,50%"
"667";"P 7";"22331";"27";"1870";"1959";"0";"0";"3.32";"3.27";"2623";"1303";"100%"
"668";"P 7";"22372";"40";"1873";"1452";"0";"0";"3.27";"0";"2623";"1303";"100%,25%,50%"
"669";"P 7";"22439";"67";"1943";"1595";"0";"0";"3.25";"0";"2623";"1303";"100%,50%"
"670";"P 7";"22480";"40";"1940";"1522";"0";"0";"3.3";"0";"2623";"1303";"100%,50%"
"671";"P 7";"22507";"26";"1930";"1644";"0";"0";"3.31";"0";"2623";"1303";"100%,50%"
"672";"P 7";"22588";"81";"1903";"1800";"0";"0";"3.32";"3.4";"2623";"1303";"100%,50%"
"673";"P 7";"22602";"13";"2046";"1833";"0";"0";"3.38";"0";"2623";"1303";"100%"
"674";"P 7";"22629";"27";"1973";"1701";"0";"0";"3.36";"0";"2623";"1303";"100%,50%"
"675";"P 7";"22642";"13";"2125";"1983";"0";"0";"3.37";"0";"2623";"1303";"100%"
"676";"P 7";"22696";"54";"1926";"869";"0";"0";"-1";"0";"2623";"1303";"100%,50%"
"677";"P 7";"22764";"67";"1890";"1502";"0";"0";"3.38";"0";"2623";"1303";"100%,25%,50%"
"678";"P 7";"22791";"27";"1986";"1535";"0";"0";"3.37";"3.45";"2623";"1303";"100%,50%"
"679";"P 7";"22818";"26";"1850";"1933";"0";"0";"3.53";"3.48";"2623";"1303";"100%"
"680";"P 7";"22831";"13";"1897";"1698";"0";"0";"3.42";"3.5";"2623";"1303";"100%,50%"
"681";"P 7";"22845";"13";"1940";"1810";"0";"0";"3.5";"0";"2623";"1303";"100%,50%"
"682";"P 7";"22858";"13";"1926";"1588";"0";"0";"3.44";"0";"2623";"1303";"100%,50%"
"683";"P 7";"22872";"13";"1900";"1296";"0";"0";"3.37";"0";"2623";"1303";"100%,25%,50%"
"684";"P 7";"22886";"13";"1920";"1950";"0";"0";"3.5";"0";"2623";"1303";"100%"
"685";"P 7";"22913";"27";"2039";"1717";"0";"0";"3.52";"0";"2623";"1303";"100%,50%"
"686";"P 7";"22926";"13";"2006";"1359";"0";"0";"3.49";"0";"2623";"1303";"100%,25%,50%"
"687";"P 7";"22940";"13";"1933";"1512";"0";"0";"3.41";"3.48";"2623";"1303";"100%,50%"
"688";"P 7";"22953";"13";"1903";"1867";"0";"0";"3.43";"0";"2623";"1303";"100%"
"689";"P 7";"22967";"13";"1893";"1184";"0";"0";"3.33";"3.43";"2623";"1303";"100%,25%,50%"
"690";"P 7";"22980";"13";"2013";"1621";"0";"0";"3.39";"0";"2623";"1303";"100%,50%"
"691";"P 7";"23007";"27";"1956";"2274";"0";"0";"3.51";"3.56";"2623";"1303";"100%"
"692";"P 7";"23020";"13";"1844";"2016";"0";"0";"3.36";"0";"2623";"1303";"100%"
"693";"P 7";"23156";"135";"1820";"2331";"0";"0";"3.27";"0";"2623";"1303";"100%"
"694";"P 7";"23250";"94";"1970";"1641";"0";"0";"3.18";"3.27";"2623";"1303";"100%,50%"
"695";"P 7";"23291";"40";"2099";"1658";"0";"0";"3.1";"0";"2623";"1303";"100%,50%"
"696";"P 7";"23305";"13";"2059";"1651";"0";"0";"3.13";"0";"2623";"1303";"100%,50%"
"697";"P 7";"23332";"26";"2062";"1658";"0";"0";"3.15";"0";"2623";"1303";"100%,50%"
"698";"P 7";"23345";"13";"2026";"1608";"0";"0";"3.09";"0";"2623";"1303";"100%,50%"
"699";"P 7";"23413";"67";"1966";"1519";"0";"0";"3.07";"0";"2623";"1303";"100%,50%"
"700";"P 7";"23467";"54";"2076";"1744";"0";"0";"3.1";"0";"2623";"1303";"100%"
"701";"P 7";"23494";"26";"1847";"1379";"0";"0";"3.09";"0";"2623";"1303";"100%,25%,50%"
"702";"P 7";"23534";"40";"2142";"1989";"0";"0";"3.06";"0";"2623";"1303";"100%"
"703";"P 7";"23575";"40";"1989";"1250";"0";"0";"3.05";"0";"2623";"1303";"100%,25%,50%"
"704";"P 7";"23683";"108";"2066";"1724";"0";"0";"3";"0";"2623";"1303";"100%,50%"
"705";"P 7";"23737";"54";"2122";"1688";"0";"0";"3.03";"0";"2623";"1303";"100%,50%"
"706";"P 7";"23764";"26";"2036";"1648";"0";"0";"2.94";"0";"2623";"1303";"100%,50%"
"707";"P 7";"23805";"40";"2129";"1618";"0";"0";"2.95";"0";"2623";"1303";"100%,50%"
"708";"P 7";"23886";"80";"2076";"1558";"0";"0";"2.9";"0";"2623";"1303";"100%,50%"
"709";"P 7";"23953";"67";"2029";"1618";"0";"0";"2.83";"0";"2623";"1303";"100%,50%"
"710";"P 7";"23981";"27";"2049";"1446";"0";"0";"2.85";"0";"2623";"1303";"100%,50%"
"711";"P 7";"24035";"54";"2096";"1724";"0";"0";"2.97";"0";"2623";"1303";"100%,50%"
"712";"P 7";"24075";"40";"1880";"1071";"0";"0";"2.85";"0";"2623";"1303";"100%,25%,50%"
"713";"P 7";"24116";"40";"2029";"1071";"0";"0";"2.83";"0";"2623";"1303";"100%,50%"
"714";"P 7";"24183";"67";"1996";"1475";"0";"0";"2.88";"0";"2623";"1303";"100%,50%"
"715";"P 7";"24211";"27";"2069";"1316";"0";"0";"2.85";"0";"2623";"1303";"100%,50%"
"716";"P 7";"24237";"26";"2046";"1492";"0";"0";"3.07";"0";"2623";"1303";"100%,50%"
"717";"P 7";"24264";"26";"2023";"1326";"0";"0";"2.97";"0";"2623";"1303";"100%,25%,50%"
"718";"P 7";"24332";"67";"2013";"1824";"0";"0";"2.97";"0";"2623";"1303";"100%"
"719";"P 7";"24372";"40";"1989";"1986";"0";"0";"3.12";"0";"2623";"1303";"100%"
"720";"P 7";"24413";"40";"1853";"1207";"0";"0";"2.98";"0";"2623";"1303";"10%,100%,25%,50%"
"721";"P 7";"24440";"27";"1933";"1631";"0";"0";"3.12";"0";"2623";"1303";"100%,50%"
"722";"P 7";"24467";"27";"1824";"1608";"0";"0";"3.03";"0";"2623";"1303";"100%,50%"
"723";"P 7";"24494";"27";"1847";"1432";"0";"0";"3.01";"0";"2623";"1303";"100%,25%,50%"
"724";"P 7";"24521";"26";"2099";"1598";"0";"0";"3.02";"0";"2623";"1303";"100%,50%"
"725";"P 7";"24548";"26";"1903";"1426";"0";"0";"3";"0";"2623";"1303";"100%,25%,50%"
"726";"P 7";"24602";"54";"1983";"1635";"0";"0";"3.05";"0";"2623";"1303";"100%,50%"
"727";"P 7";"24643";"40";"2119";"1379";"0";"0";"3.11";"0";"2623";"1303";"100%,50%"
"728";"P 7";"24764";"121";"2062";"1446";"0";"0";"3.11";"0";"2623";"1303";"100%,50%"
"729";"P 7";"24792";"27";"2059";"680";"0";"0";"-1";"0";"2623";"1303";"100%"
"730";"P 7";"24819";"27";"1767";"1737";"0";"0";"3.2";"0";"2623";"1303";"100%,50%"
"731";"P 7";"24927";"108";"2122";"1721";"0";"0";"3.23";"0";"2623";"1303";"100%"
"732";"P 7";"24968";"40";"1863";"421";"0";"0";"-1";"0";"2623";"1303";"100%"
"733";"P 7";"25008";"39";"1800";"1495";"0";"0";"3.23";"0";"2623";"1303";"100%,25%,50%"
"734";"P 7";"25049";"40";"1916";"1601";"0";"0";"3.23";"3.47";"2623";"1303";"100%,50%"
"735";"P 7";"25116";"67";"1910";"1648";"0";"0";"3.47";"0";"2623";"1303";"100%,50%"
"736";"P 7";"25130";"13";"1764";"1867";"0";"0";"3.52";"3.58";"2623";"1303";"100%"
"737";"P 7";"25143";"13";"1870";"1747";"0";"0";"3.53";"0";"2623";"1303";"100%,50%"
"738";"P 7";"25211";"67";"1870";"1618";"0";"0";"3.57";"0";"2623";"1303";"100%,50%"
"739";"P 7";"25224";"13";"1804";"1707";"0";"0";"3.59";"0";"2623";"1303";"100%,50%"
"740";"P 7";"25238";"13";"1787";"2251";"0";"0";"3.78";"0";"2623";"1303";"100%"
"741";"P 7";"25319";"81";"1877";"2371";"0";"0";"3.84";"3.63";"2623";"1303";"100%"
"742";"P 7";"25360";"40";"1810";"1770";"0";"0";"3.64";"0";"2623";"1303";"100%,50%"
"743";"P 7";"25373";"13";"1853";"1568";"0";"0";"3.51";"0";"2623";"1303";"100%,50%"
"744";"P 7";"25400";"26";"1790";"1704";"0";"0";"3.69";"3.69";"2623";"1303";"100%,50%"
"745";"P 7";"25414";"13";"1452";"1598";"0";"0";"0";"3.8";"2623";"1303";"100%,50%"
"746";"P 7";"25440";"26";"1744";"1747";"0";"0";"3.58";"0";"2623";"1303";"100%,50%"
"747";"P 7";"25454";"13";"1814";"1724";"0";"0";"3.52";"0";"2623";"1303";"100%,50%"
"748";"P 7";"25468";"13";"1771";"1850";"0";"0";"3.6";"0";"2623";"1303";"100%"
"749";"P 7";"25481";"13";"1903";"1744";"0";"0";"3.6";"3.71";"2623";"1303";"100%,50%"
"750";"P 7";"25495";"13";"1860";"1751";"0";"0";"3.56";"3.71";"2623";"1303";"100%,50%"
"751";"P 7";"25508";"13";"1936";"1588";"0";"0";"3.54";"3.71";"2623";"1303";"100%,50%"
"752";"P 7";"25522";"13";"1787";"1946";"0";"0";"3.59";"0";"2623";"1303";"100%"
"753";"P 7";"25549";"27";"1873";"1906";"0";"0";"3.63";"0";"2623";"1303";"100%"
"754";"P 7";"25562";"13";"1847";"1767";"0";"0";"3.65";"3.72";"2623";"1303";"100%,50%"
"755";"P 7";"25589";"27";"1734";"1787";"0";"0";"3.69";"0";"2623";"1303";"100%,50%"
"756";"P 7";"25643";"54";"1754";"1538";"0";"0";"3.7";"0";"2623";"1303";"100%,25%,50%"
"757";"P 7";"25657";"13";"1920";"1774";"0";"0";"3.64";"0";"2623";"1303";"100%,50%"
"758";"P 7";"25725";"67";"1724";"1034";"0";"0";"3.69";"0";"2623";"1303";"100%,25%,50%"
"759";"P 7";"25792";"67";"1827";"1751";"0";"0";"3.53";"0";"2623";"1303";"100%,50%"
"760";"P 7";"25833";"40";"1804";"1943";"0";"0";"3.79";"0";"2623";"1303";"100%"
"761";"P 7";"25873";"40";"1810";"1399";"0";"0";"0";"3.73";"2623";"1303";"100%,25%,50%"
"762";"P 7";"25887";"13";"1731";"1243";"0";"0";"3.63";"3.85";"2623";"1303";"10%,100%,25%,50%"
"763";"P 7";"25900";"13";"1860";"955";"0";"0";"3.72";"0";"2623";"1303";"100%,50%"
"764";"P 7";"25914";"13";"1552";"1515";"0";"0";"0";"3.79";"2623";"1303";"100%,50%"
"765";"P 7";"25927";"13";"1820";"1213";"0";"0";"3.65";"0";"2623";"1303";"10%,100%,25%,50%"
"766";"P 7";"25955";"27";"1737";"1276";"0";"0";"3.63";"0";"2623";"1303";"10%,100%,25%,50%"
"767";"P 7";"25968";"13";"1893";"1174";"0";"0";"3.68";"0";"2623";"1303";"100%,25%,50%"
"768";"P 7";"26008";"40";"1807";"1290";"0";"0";"3.65";"3.76";"2623";"1303";"10%,100%,25%,50%"
"769";"P 7";"26063";"54";"1568";"1479";"0";"0";"0";"3.77";"2623";"1303";"100%,50%"
"770";"P 7";"26076";"13";"1800";"1353";"0";"0";"3.56";"0";"2623";"1303";"100%,25%,50%"
"771";"P 7";"26089";"12";"1903";"1499";"0";"0";"3.6";"0";"2623";"1303";"100%,25%,50%"
"772";"P 7";"26103";"14";"1860";"1800";"0";"0";"3.65";"0";"2623";"1303";"100%,50%"
"773";"P 7";"26117";"13";"1850";"1558";"0";"0";"3.63";"0";"2623";"1303";"100%,50%"
"774";"P 7";"26130";"13";"1953";"1101";"0";"0";"3.63";"0";"2623";"1303";"100%,25%,50%"
"775";"P 7";"26238";"108";"1432";"1641";"0";"0";"0";"3.55";"2623";"1303";"100%,50%"
"776";"P 7";"26306";"67";"1611";"1290";"0";"0";"0";"3.57";"2623";"1303";"100%,25%,50%"
"777";"P 7";"26333";"26";"1877";"1419";"0";"0";"3.45";"0";"2623";"1303";"100%,25%,50%"
"778";"P 7";"26347";"13";"1900";"865";"0";"0";"3.46";"0";"2623";"1303";"100%,50%"
"779";"P 7";"26360";"13";"1907";"1820";"0";"0";"3.48";"0";"2623";"1303";"100%,50%"
"780";"P 7";"26387";"26";"1897";"1409";"0";"0";"3.5";"0";"2623";"1303";"100%,25%,50%"
"781";"P 7";"26401";"13";"1923";"1402";"0";"0";"3.39";"0";"2623";"1303";"100%,25%,50%"
"782";"P 7";"26414";"13";"1860";"1260";"0";"0";"3.42";"0";"2623";"1303";"10%,100%,25%,50%"
"783";"P 7";"26428";"13";"1986";"1588";"0";"0";"3.46";"0";"2623";"1303";"100%,50%"
"784";"P 7";"26495";"67";"1502";"1611";"0";"0";"0";"3.41";"2623";"1303";"100%,50%"
"785";"P 7";"26522";"26";"1880";"1286";"0";"0";"3.37";"3.4";"2623";"1303";"100%,25%,50%"
"786";"P 7";"26576";"54";"2069";"938";"0";"0";"3.26";"0";"2623";"1303";"100%,50%"
"787";"P 7";"26590";"13";"2013";"1638";"0";"0";"3.21";"0";"2623";"1303";"100%,50%"
"788";"P 7";"26630";"40";"1857";"1316";"0";"0";"3.27";"0";"2623";"1303";"100%,25%,50%"
"789";"P 7";"26657";"27";"1877";"1409";"0";"0";"3.24";"0";"2623";"1303";"100%,25%,50%"
"790";"P 7";"26685";"27";"1820";"1661";"0";"0";"3.24";"0";"2623";"1303";"100%,50%"
"791";"P 7";"26711";"26";"1897";"1605";"0";"0";"3.19";"0";"2623";"1303";"100%,50%"
"792";"P 7";"26833";"122";"1877";"1402";"0";"0";"3.01";"0";"2623";"1303";"100%,25%,50%"
"793";"P 7";"26874";"40";"2033";"1356";"0";"0";"3.13";"0";"2623";"1303";"100%,50%"
"794";"P 7";"26901";"26";"2082";"1177";"0";"0";"3.03";"0";"2623";"1303";"100%,50%"
"795";"P 7";"26928";"27";"1979";"1492";"0";"0";"3.21";"0";"2623";"1303";"100%,50%"
"796";"P 7";"27010";"82";"1857";"1744";"0";"0";"3.16";"0";"2623";"1303";"100%,50%"
"797";"P 7";"27036";"25";"1880";"1638";"0";"0";"3.14";"0";"2623";"1303";"100%,50%"
"798";"P 7";"27077";"40";"1910";"1528";"0";"0";"3.21";"0";"2623";"1303";"100%,50%"
"799";"P 7";"27117";"40";"1708";"1469";"0";"0";"3.19";"0";"2623";"1303";"100%,25%,50%"
"800";"P 7";"27158";"40";"2009";"1824";"0";"0";"3.28";"0";"2623";"1303";"100%"
"801";"P 7";"27225";"67";"1897";"1754";"0";"0";"3.21";"0";"2623";"1303";"100%,50%"
"802";"P 7";"27320";"94";"2202";"2311";"0";"0";"3.53";"0";"2623";"1303";"100%"
"803";"P 7";"27360";"40";"1943";"1396";"0";"0";"3.25";"0";"2623";"1303";"100%,25%,50%"
"804";"P 7";"27401";"40";"1877";"1200";"0";"0";"3.27";"0";"2623";"1303";"100%,25%,50%"
"805";"P 7";"27523";"121";"1923";"2139";"0";"0";"3.3";"3.39";"2623";"1303";"100%"
"806";"P 7";"27536";"13";"1920";"2016";"0";"0";"3.46";"0";"2623";"1303";"100%"
"807";"P 7";"27550";"13";"1824";"1814";"0";"0";"3.35";"0";"2623";"1303";"100%,50%"
"808";"P 7";"27563";"13";"1960";"1253";"0";"0";"3.37";"0";"2623";"1303";"100%,25%,50%"
"809";"P 7";"27577";"13";"2125";"1452";"0";"0";"3.33";"0";"2623";"1303";"100%,50%"
"810";"P 7";"27590";"13";"2072";"1953";"0";"0";"3.43";"3.38";"2623";"1303";"100%"
"811";"P 7";"27604";"13";"1844";"1134";"0";"0";"3.29";"0";"2623";"1303";"100%,25%,50%"
"812";"P 7";"27617";"13";"2036";"1333";"0";"0";"3.26";"3.44";"2623";"1303";"100%,50%"
"813";"P 7";"27631";"13";"1903";"1101";"0";"0";"3.22";"0";"2623";"1303";"100%,25%,50%"
"814";"P 7";"27644";"13";"1867";"1552";"0";"0";"3.29";"0";"2623";"1303";"100%,50%"
"815";"P 7";"27658";"13";"1963";"1548";"0";"0";"3.25";"0";"2623";"1303";"100%,50%"
"816";"P 7";"27671";"13";"1873";"1674";"0";"0";"3.29";"0";"2623";"1303";"100%,50%"
"817";"P 7";"27685";"13";"1903";"1648";"0";"0";"3.31";"0";"2623";"1303";"100%,50%"
"818";"P 7";"27698";"13";"1960";"574";"0";"0";"3.34";"0";"2623";"1303";"100%"
"819";"P 7";"27712";"13";"1704";"1313";"0";"0";"0";"3.32";"2623";"1303";"10%,100%,25%,50%"
"820";"P 7";"27739";"26";"1824";"1741";"0";"0";"3.26";"0";"2623";"1303";"100%,50%"
"821";"P 7";"27752";"13";"1897";"1631";"0";"0";"3.32";"0";"2623";"1303";"100%,50%"
"822";"P 7";"27766";"13";"1913";"2102";"0";"0";"3.29";"0";"2623";"1303";"100%"
"823";"P 7";"27779";"13";"1956";"1532";"0";"0";"3.12";"0";"2623";"1303";"100%,50%"
"824";"P 7";"27793";"13";"2026";"1840";"0";"0";"3.26";"0";"2623";"1303";"100%"
"825";"P 7";"27820";"26";"2033";"143";"0";"0";"-1";"0";"2623";"1303";"100%"
"826";"P 7";"27874";"54";"1986";"1519";"0";"0";"3.18";"0";"2623";"1303";"100%,50%"
"827";"P 7";"27928";"53";"1963";"1502";"0";"0";"3.34";"0";"2623";"1303";"100%,50%"
"828";"P 7";"28009";"81";"1989";"1509";"0";"0";"3.21";"0";"2623";"1303";"100%,50%"
"829";"P 7";"28050";"40";"2026";"1565";"0";"0";"3.2";"0";"2623";"1303";"100%,50%"
"830";"P 7";"28091";"40";"1157";"1581";"0";"0";"0";"2.75";"2623";"1303";"100%"
"831";"P 7";"28118";"26";"2019";"1422";"0";"0";"3.15";"0";"2623";"1303";"100%,50%"
"832";"P 7";"28131";"13";"2026";"1456";"0";"0";"3.23";"0";"2623";"1303";"100%,50%"
"833";"P 7";"28158";"27";"2029";"1263";"0";"0";"3.16";"0";"2623";"1303";"100%,25%,50%"
"834";"P 7";"28226";"67";"1873";"1827";"0";"0";"3.17";"0";"2623";"1303";"100%,50%"
"835";"P 7";"28266";"40";"2089";"1538";"0";"0";"3.16";"0";"2623";"1303";"100%,50%"
"836";"P 7";"28307";"40";"2006";"1565";"0";"0";"3.09";"0";"2623";"1303";"100%,50%"
"837";"P 7";"28347";"40";"2092";"1920";"0";"0";"3.18";"0";"2623";"1303";"100%"
"838";"P 7";"28388";"40";"1910";"1137";"0";"0";"3.02";"0";"2623";"1303";"100%,25%,50%"
"839";"P 7";"28415";"27";"2046";"143";"0";"0";"-1";"3.03";"2623";"1303";"100%"
"840";"P 7";"28456";"40";"1999";"1389";"0";"0";"3.05";"0";"2623";"1303";"100%,25%,50%"
"841";"P 7";"28483";"27";"1989";"1744";"0";"0";"2.97";"0";"2623";"1303";"100%,50%"
"842";"P 7";"28523";"40";"1936";"1509";"0";"0";"3.04";"0";"2623";"1303";"100%,50%"
"843";"P 7";"28563";"40";"2009";"1084";"0";"0";"2.92";"0";"2623";"1303";"100%,50%"
"844";"P 7";"28604";"40";"2036";"1857";"0";"0";"3.03";"0";"2623";"1303";"100%"
"845";"P 7";"28631";"26";"1943";"1678";"0";"0";"2.96";"0";"2623";"1303";"100%,50%"
"846";"P 7";"28658";"27";"1983";"1840";"0";"0";"3.06";"3.03";"2623";"1303";"100%"
"847";"P 7";"28685";"27";"2082";"1326";"0";"0";"2.95";"0";"2623";"1303";"100%,50%"
"848";"P 7";"28713";"27";"1910";"2172";"0";"0";"3.33";"0";"2623";"1303";"100%"
"849";"P 7";"28726";"13";"2129";"1442";"0";"0";"2.95";"0";"2623";"1303";"100%,50%"
"850";"P 7";"28739";"13";"2019";"1505";"0";"0";"2.99";"0";"2623";"1303";"100%,50%"
"851";"P 7";"28753";"13";"2049";"1827";"0";"0";"3.11";"2.98";"2623";"1303";"100%"
"852";"P 7";"28781";"28";"2023";"1495";"0";"0";"3.04";"0";"2623";"1303";"100%,50%"
"853";"P 7";"28793";"12";"2105";"1366";"0";"0";"2.97";"0";"2623";"1303";"100%,50%"
"854";"P 7";"28807";"13";"1936";"1654";"0";"0";"3.05";"0";"2623";"1303";"100%,50%"
"855";"P 7";"28820";"13";"1973";"1416";"0";"0";"3.07";"0";"2623";"1303";"100%,25%,50%"
"856";"P 7";"28834";"13";"2013";"1436";"0";"0";"2.98";"0";"2623";"1303";"100%,50%"
"857";"P 7";"28848";"13";"1989";"1489";"0";"0";"2.95";"0";"2623";"1303";"100%,50%"
"858";"P 7";"28861";"13";"2042";"1644";"0";"0";"3.02";"0";"2623";"1303";"100%,50%"
"859";"P 7";"28902";"40";"1787";"2211";"0";"0";"3.24";"0";"2623";"1303";"100%"
"860";"P 7";"28942";"40";"2052";"1598";"0";"0";"3.08";"0";"2623";"1303";"100%,50%"
"861";"P 7";"28983";"40";"2059";"1744";"0";"0";"3.13";"0";"2623";"1303";"100%,50%"
"862";"P 7";"29023";"40";"1880";"1969";"0";"0";"3.15";"0";"2623";"1303";"100%"
"863";"P 7";"29064";"40";"1771";"1303";"0";"0";"2.94";"2.84";"2623";"1303";"10%,100%,25%,50%"
"864";"P 7";"29091";"27";"2129";"1363";"0";"0";"3.06";"0";"2623";"1303";"100%,50%"
"865";"P 7";"29105";"13";"2013";"1767";"0";"0";"3.15";"0";"2623";"1303";"100%,50%"
"866";"P 7";"29131";"26";"2033";"1373";"0";"0";"3.12";"-1";"2623";"1303";"100%,50%"
"867";"P 7";"29145";"13";"2198";"1061";"0";"0";"3.19";"0";"2623";"1303";"100%,50%"
"868";"P 7";"29159";"13";"2102";"1280";"0";"0";"3.23";"0";"2623";"1303";"100%,50%"
"869";"P 7";"29172";"13";"1946";"1512";"0";"0";"3.17";"0";"2623";"1303";"100%,50%"
"870";"P 7";"29253";"80";"1817";"2046";"0";"0";"3.16";"0";"2623";"1303";"100%"
"871";"P 7";"29280";"27";"1976";"1827";"0";"0";"3.16";"0";"2623";"1303";"100%"
"872";"P 7";"29307";"27";"2069";"1568";"0";"0";"3.09";"0";"2623";"1303";"100%,50%"
"873";"P 7";"29334";"27";"1837";"1038";"0";"0";"3.2";"0";"2623";"1303";"100%,25%,50%"
"874";"P 7";"29375";"40";"1863";"1588";"0";"0";"3.13";"0";"2623";"1303";"100%,50%"
"875";"P 7";"29416";"40";"1844";"1558";"0";"0";"3.1";"0";"2623";"1303";"100%,50%"
"876";"P 7";"29456";"40";"1890";"1601";"0";"0";"3.18";"0";"2623";"1303";"100%,50%"
"877";"P 7";"29537";"81";"1847";"1177";"0";"0";"3.13";"0";"2623";"1303";"10%,100%,25%,50%"
"878";"P 7";"29564";"26";"2019";"1389";"0";"0";"3.2";"0";"2623";"1303";"100%,50%"
"879";"P 7";"29632";"67";"2019";"1628";"0";"0";"3.11";"0";"2623";"1303";"100%,50%"
"880";"P 7";"29767";"135";"1744";"1661";"0";"0";"3.07";"0";"2623";"1303";"100%,50%"
"881";"P 7";"29807";"39";"1973";"1605";"0";"0";"3.01";"0";"2623";"1303";"100%,50%"
"882";"P 7";"29835";"27";"2016";"1581";"0";"0";"2.96";"0";"2623";"1303";"100%,50%"
"883";"P 7";"29862";"27";"2036";"1694";"0";"0";"3.1";"0";"2623";"1303";"100%,50%"
"884";"P 7";"29888";"26";"2079";"1525";"0";"0";"2.94";"0";"2623";"1303";"100%,50%"
"885";"P 7";"29916";"27";"2059";"1946";"0";"0";"3.05";"0";"2623";"1303";"100%"
"886";"P 7";"29956";"40";"2092";"1757";"0";"0";"3";"0";"2623";"1303";"100%"
